phone_2	phone_1	by	score	n
b	ch	('SIL-ih', 'j1')	0.983333333333	120
b	g	('SIL-ih', 'j1')	0.516666666667	120
b	hh	('SIL-ih', 'j1')	0.548571428571	2100
b	s	('SIL-ih', 'j1')	0.775	560
b	th	('SIL-ih', 'j1')	0.866666666667	1320
ch	b	('SIL-ih', 'j1')	0.919444444444	360
ch	g	('SIL-ih', 'j1')	0.833333333333	48
ch	hh	('SIL-ih', 'j1')	0.753571428571	840
ch	s	('SIL-ih', 'j1')	0.508928571429	224
ch	th	('SIL-ih', 'j1')	0.863636363636	528
g	b	('SIL-ih', 'j1')	0.591666666667	360
g	ch	('SIL-ih', 'j1')	0.9375	48
g	hh	('SIL-ih', 'j1')	0.622619047619	840
g	s	('SIL-ih', 'j1')	0.776785714286	224
g	th	('SIL-ih', 'j1')	0.890151515152	528
hh	b	('SIL-ih', 'j1')	0.622962962963	1350
hh	ch	('SIL-ih', 'j1')	0.855555555556	180
hh	g	('SIL-ih', 'j1')	0.611111111111	180
hh	s	('SIL-ih', 'j1')	0.767857142857	840
hh	th	('SIL-ih', 'j1')	0.828282828283	1980
s	b	('SIL-ih', 'j1')	0.806944444444	720
s	ch	('SIL-ih', 'j1')	0.6875	96
s	g	('SIL-ih', 'j1')	0.854166666667	96
s	hh	('SIL-ih', 'j1')	0.734523809524	1680
s	th	('SIL-ih', 'j1')	0.767992424242	1056
th	b	('SIL-ih', 'j1')	0.590740740741	1080
th	ch	('SIL-ih', 'j1')	0.854166666667	144
th	g	('SIL-ih', 'j1')	0.631944444444	144
th	hh	('SIL-ih', 'j1')	0.507936507937	2520
th	s	('SIL-ih', 'j1')	0.59375	672
k	t	('ay-SIL', 'f1')	0.534722222222	1008
t	k	('ay-SIL', 'f1')	0.508578431373	2448
n	r	('aa-t', 'v2')	0.61369047619	11760
r	n	('aa-t', 'v2')	0.539461096939	37632
n	r	('aa-t', 'w1')	0.707997311828	32736
r	n	('aa-t', 'w1')	0.550765721733	30690
dh	g	('SIL-eh', 'v1')	0.662878787879	5280
dh	l	('SIL-eh', 'v1')	0.754033844943	10164
dh	w	('SIL-eh', 'v1')	0.548484848485	660
dh	y	('SIL-eh', 'v1')	0.545454545455	132
g	dh	('SIL-eh', 'v1')	0.549512987013	7392
g	l	('SIL-eh', 'v1')	0.887716450216	7392
g	w	('SIL-eh', 'v1')	0.63125	480
g	y	('SIL-eh', 'v1')	0.635416666667	96
l	dh	('SIL-eh', 'v1')	0.571625344353	10164
l	g	('SIL-eh', 'v1')	0.878598484848	5280
l	w	('SIL-eh', 'v1')	0.378787878788	660
l	y	('SIL-eh', 'v1')	0.704545454545	132
t	dh	('SIL-eh', 'v1')	0.541125541126	462
t	g	('SIL-eh', 'v1')	0.75	240
t	l	('SIL-eh', 'v1')	0.831168831169	462
t	w	('SIL-eh', 'v1')	0.666666666667	30
t	y	('SIL-eh', 'v1')	1.0	6
w	dh	('SIL-eh', 'v1')	0.709956709957	2772
w	g	('SIL-eh', 'v1')	0.89375	1440
w	l	('SIL-eh', 'v1')	0.731962481962	2772
w	y	('SIL-eh', 'v1')	0.75	36
y	dh	('SIL-eh', 'v1')	0.445887445887	1386
y	g	('SIL-eh', 'v1')	0.680555555556	720
y	l	('SIL-eh', 'v1')	0.733766233766	1386
y	w	('SIL-eh', 'v1')	0.422222222222	90
ng	s	('ax-SIL', 't1')	0.943452380952	7728
s	ng	('ax-SIL', 't1')	0.921703296703	4368
dh	hh	('SIL-ae', 's3')	0.722222222222	18
dh	k	('SIL-ae', 's3')	0.777777777778	18
dh	y	('SIL-ae', 's3')	0.87037037037	108
hh	dh	('SIL-ae', 's3')	0.9375	144
hh	k	('SIL-ae', 's3')	1.0	4
hh	y	('SIL-ae', 's3')	1.0	24
k	dh	('SIL-ae', 's3')	0.694444444444	144
k	hh	('SIL-ae', 's3')	0.25	4
k	y	('SIL-ae', 's3')	0.75	24
y	dh	('SIL-ae', 's3')	0.458333333333	288
y	hh	('SIL-ae', 's3')	0.0	8
y	k	('SIL-ae', 's3')	0.125	8
dh	hh	('SIL-ae', 'f2')	0.771111111111	450
dh	k	('SIL-ae', 'f2')	0.916666666667	180
dh	y	('SIL-ae', 'f2')	0.866666666667	30
hh	dh	('SIL-ae', 'f2')	0.470634920635	1260
hh	k	('SIL-ae', 'f2')	0.847222222222	72
hh	y	('SIL-ae', 'f2')	0.75	12
k	dh	('SIL-ae', 'f2')	0.604761904762	840
k	hh	('SIL-ae', 'f2')	0.791666666667	120
k	y	('SIL-ae', 'f2')	0.875	8
y	dh	('SIL-ae', 'f2')	0.3	420
y	hh	('SIL-ae', 'f2')	0.5	60
y	k	('SIL-ae', 'f2')	0.625	24
m	n	('aa-ax', 't1')	0.662581168831	12320
m	t	('aa-ax', 't1')	0.703076923077	2600
n	m	('aa-ax', 't1')	0.583333333333	672
n	t	('aa-ax', 't1')	0.496950549451	36400
t	m	('aa-ax', 't1')	0.798076923077	312
t	n	('aa-ax', 't1')	0.639185814186	80080
b	hh	('SIL-iy', 'w3')	0.613636363636	44
b	s	('SIL-iy', 'w3')	0.777272727273	5280
hh	b	('SIL-iy', 'w3')	0.574675324675	924
hh	s	('SIL-iy', 'w3')	0.754166666667	480
s	b	('SIL-iy', 'w3')	0.669372294372	7392
s	hh	('SIL-iy', 'w3')	0.625	32
k	t	('s-r', 'd1')	0.654232804233	3780
t	k	('s-r', 'd1')	0.681878306878	1512
b	hh	('SIL-iy', 'f1')	0.821428571429	28
b	s	('SIL-iy', 'f1')	0.790722495895	12180
hh	b	('SIL-iy', 'f1')	0.590659340659	364
hh	s	('SIL-iy', 'f1')	0.758045977011	1740
s	b	('SIL-iy', 'f1')	0.624908424908	5460
s	hh	('SIL-iy', 'f1')	0.633333333333	60
d	w	('ax-ey', 'v2')	0.930021367521	1872
w	d	('ax-ey', 'v2')	0.791958041958	1716
dh	t	('SIL-ax', 'i1')	0.547619047619	1218
t	dh	('SIL-ax', 'i1')	0.570900774103	5684
dh	hh	('SIL-ae', 'f1')	0.472906403941	6090
dh	k	('SIL-ae', 'f1')	0.759688013136	12180
dh	y	('SIL-ae', 'f1')	0.600453720508	11020
hh	dh	('SIL-ae', 'f1')	0.625615763547	12180
hh	k	('SIL-ae', 'f1')	0.702063492063	6300
hh	y	('SIL-ae', 'f1')	0.672807017544	5700
k	dh	('SIL-ae', 'f1')	0.64039408867	17052
k	hh	('SIL-ae', 'f1')	0.43514739229	4410
k	y	('SIL-ae', 'f1')	0.732832080201	7980
y	dh	('SIL-ae', 'f1')	0.442056650246	16240
y	hh	('SIL-ae', 'f1')	0.400238095238	4200
y	k	('SIL-ae', 'f1')	0.717261904762	8400
t	v	('ae-SIL', 'f2')	0.25	4
v	t	('ae-SIL', 'f2')	0.25	4
b	hh	('SIL-iy', 'v2')	0.973684210526	38
b	s	('SIL-iy', 'v2')	0.7004048583	2964
hh	b	('SIL-iy', 'v2')	0.842105263158	684
hh	s	('SIL-iy', 'v2')	0.833333333333	312
s	b	('SIL-iy', 'v2')	0.801169590643	4446
s	hh	('SIL-iy', 'v2')	1.0	26
m	n	('aa-ax', 'd1')	0.464890315367	1037520
m	t	('aa-ax', 'd1')	0.567469996129	103320
n	m	('aa-ax', 'd1')	0.59681347372	467280
n	t	('aa-ax', 'd1')	0.616711540492	227304
t	m	('aa-ax', 'd1')	0.742917675545	148680
t	n	('aa-ax', 'd1')	0.668401572982	726264
k	t	('ay-SIL', 'j1')	0.5	36
t	k	('ay-SIL', 'j1')	0.4	90
b	l	('SIL-ay', 'i1')	0.855555555556	180
b	t	('SIL-ay', 'i1')	0.361111111111	72
l	b	('SIL-ay', 'i1')	0.927777777778	180
l	t	('SIL-ay', 'i1')	0.652777777778	72
t	b	('SIL-ay', 'i1')	0.9	120
t	l	('SIL-ay', 'i1')	0.941666666667	120
d	g	('SIL-aa', 'w1')	0.530213464696	6090
d	m	('SIL-aa', 'w1')	0.81619047619	4200
d	w	('SIL-aa', 'w1')	0.648351648352	1274
g	d	('SIL-aa', 'w1')	0.627777777778	1260
g	m	('SIL-aa', 'w1')	0.790166666667	18000
g	w	('SIL-aa', 'w1')	0.621978021978	5460
m	d	('SIL-aa', 'w1')	0.888571428571	1050
m	g	('SIL-aa', 'w1')	0.706022988506	21750
m	w	('SIL-aa', 'w1')	0.471868131868	4550
w	d	('SIL-aa', 'w1')	0.90306122449	588
w	g	('SIL-aa', 'w1')	0.73210180624	12180
w	m	('SIL-aa', 'w1')	0.689880952381	8400
b	l	('SIL-ay', 'j1')	0.6875	16
b	t	('SIL-ay', 'j1')	0.704166666667	240
l	b	('SIL-ay', 'j1')	0.6875	112
l	t	('SIL-ay', 'j1')	0.933333333333	60
t	b	('SIL-ay', 'j1')	0.83630952381	336
t	l	('SIL-ay', 'j1')	1.0	12
t	v	('ae-SIL', 'w3')	0.623333333333	600
v	t	('ae-SIL', 'w3')	0.540350877193	2280
n	r	('aa-t', 'j1')	0.573263888889	8640
r	n	('aa-t', 'j1')	0.658234126984	20160
dh	t	('k-ax', 'w3')	0.457692307692	1820
t	dh	('k-ax', 'w3')	0.615079365079	1260
dh	hh	('SIL-ae', 'w3')	0.492222222222	2700
dh	k	('SIL-ae', 'w3')	0.634242424242	3300
dh	y	('SIL-ae', 'w3')	0.477777777778	360
hh	dh	('SIL-ae', 'w3')	0.730229885057	8700
hh	k	('SIL-ae', 'w3')	0.664545454545	1100
hh	y	('SIL-ae', 'w3')	0.758333333333	120
k	dh	('SIL-ae', 'w3')	0.721943573668	9570
k	hh	('SIL-ae', 'w3')	0.473737373737	990
k	y	('SIL-ae', 'w3')	0.651515151515	132
y	dh	('SIL-ae', 'w3')	0.415804597701	3480
y	hh	('SIL-ae', 'w3')	0.411111111111	360
y	k	('SIL-ae', 'w3')	0.531818181818	440
b	hh	('SIL-ah', 'v2')	0.818672839506	1296
b	jh	('SIL-ah', 'v2')	0.549242424242	2376
b	k	('SIL-ah', 'v2')	0.611952861953	2376
b	w	('SIL-ah', 'v2')	0.725089605735	16740
hh	b	('SIL-ah', 'v2')	0.856572258533	2754
hh	jh	('SIL-ah', 'v2')	0.779461279461	1188
hh	k	('SIL-ah', 'v2')	0.814814814815	1188
hh	w	('SIL-ah', 'v2')	0.89761051374	8370
jh	b	('SIL-ah', 'v2')	0.824074074074	3672
jh	hh	('SIL-ah', 'v2')	0.886574074074	864
jh	k	('SIL-ah', 'v2')	0.848484848485	1584
jh	w	('SIL-ah', 'v2')	0.922401433692	11160
k	b	('SIL-ah', 'v2')	0.634259259259	3672
k	hh	('SIL-ah', 'v2')	0.729166666667	864
k	jh	('SIL-ah', 'v2')	0.546717171717	1584
k	w	('SIL-ah', 'v2')	0.899462365591	11160
w	b	('SIL-ah', 'v2')	0.607632300232	9486
w	hh	('SIL-ah', 'v2')	0.774641577061	2232
w	jh	('SIL-ah', 'v2')	0.736559139785	4092
w	k	('SIL-ah', 'v2')	0.86045943304	4092
dh	hh	('SIL-ae', 'v1')	0.865215731195	68094
dh	k	('SIL-ae', 'v1')	0.853630905177	17654
dh	y	('SIL-ae', 'v1')	0.399642553562	183524
hh	dh	('SIL-ae', 'v1')	0.769663993891	251424
hh	k	('SIL-ae', 'v1')	0.884615384615	4914
hh	y	('SIL-ae', 'v1')	0.581923890063	51084
k	dh	('SIL-ae', 'v1')	0.806378865979	130368
k	hh	('SIL-ae', 'v1')	0.893976393976	9828
k	y	('SIL-ae', 'v1')	0.523595590456	26488
y	dh	('SIL-ae', 'v1')	0.756958274758	409728
y	hh	('SIL-ae', 'v1')	0.933307433307	30888
y	k	('SIL-ae', 'v1')	0.827422577423	8008
k	n	('ih-ax', 'f1')	0.909375	20800
k	t	('ih-ax', 'f1')	0.667924165935	145792
n	k	('ih-ax', 'f1')	0.935832816377	25792
n	t	('ih-ax', 'f1')	0.376950091173	118456
t	k	('ih-ax', 'f1')	0.879491816888	67456
t	n	('ih-ax', 'f1')	0.68463800905	44200
m	n	('aa-ax', 's1')	0.474074667402	6741630
m	t	('aa-ax', 's1')	0.401438398999	63960
n	m	('aa-ax', 's1')	0.619621831071	665840
n	t	('aa-ax', 's1')	0.46136320576	633360
t	m	('aa-ax', 's1')	0.758384146341	65600
t	n	('aa-ax', 's1')	0.68663625859	6577200
f	g	('SIL-r', 'f1')	0.766666666667	90
k	n	('ih-ax', 'w3')	0.535321821036	1274
k	t	('ih-ax', 'w3')	0.713020091758	12642
n	k	('ih-ax', 'w3')	0.646258503401	588
n	t	('ih-ax', 'w3')	0.59713652903	25284
t	k	('ih-ax', 'w3')	0.873754152824	1806
t	n	('ih-ax', 'w3')	0.696268847432	7826
m	n	('aa-ax', 'w3')	0.377920895134	153720
m	t	('aa-ax', 'w3')	0.453556851312	102900
n	m	('aa-ax', 'w3')	0.695969231355	105042
n	t	('aa-ax', 'w3')	0.577745065239	149450
t	m	('aa-ax', 'w3')	0.722357723577	86100
t	n	('aa-ax', 'w3')	0.514300546448	183000
b	ch	('SIL-ih', 's2')	0.973333333333	300
b	g	('SIL-ih', 's2')	0.37	500
b	hh	('SIL-ih', 's2')	0.499622132254	37050
b	s	('SIL-ih', 's2')	0.817647058824	6800
b	th	('SIL-ih', 's2')	0.666007905138	12650
ch	b	('SIL-ih', 's2')	0.92625	2400
ch	g	('SIL-ih', 's2')	0.6125	80
ch	hh	('SIL-ih', 's2')	0.808704453441	5928
ch	s	('SIL-ih', 's2')	0.933823529412	1088
ch	th	('SIL-ih', 's2')	0.970355731225	2024
g	b	('SIL-ih', 's2')	0.789333333333	3000
g	ch	('SIL-ih', 's2')	0.933333333333	60
g	hh	('SIL-ih', 's2')	0.57314439946	7410
g	s	('SIL-ih', 's2')	0.855882352941	1360
g	th	('SIL-ih', 's2')	0.889723320158	2530
hh	b	('SIL-ih', 's2')	0.692435897436	23400
hh	ch	('SIL-ih', 's2')	0.980769230769	468
hh	g	('SIL-ih', 's2')	0.370512820513	780
hh	s	('SIL-ih', 's2')	0.897058823529	10608
hh	th	('SIL-ih', 's2')	0.827404479578	19734
s	b	('SIL-ih', 's2')	0.517254901961	10200
s	ch	('SIL-ih', 's2')	0.81862745098	204
s	g	('SIL-ih', 's2')	0.338235294118	340
s	hh	('SIL-ih', 's2')	0.479439549099	25194
s	th	('SIL-ih', 's2')	0.585794001395	8602
th	b	('SIL-ih', 's2')	0.483550724638	13800
th	ch	('SIL-ih', 's2')	0.974637681159	276
th	g	('SIL-ih', 's2')	0.360869565217	460
th	hh	('SIL-ih', 's2')	0.498914510356	34086
th	s	('SIL-ih', 's2')	0.769181585678	6256
d	g	('SIL-aa', 'f1')	0.439768145161	7936
d	m	('SIL-aa', 'f1')	0.46875	96
d	w	('SIL-aa', 'f1')	0.613324175824	1456
g	d	('SIL-aa', 'f1')	0.585379464286	1792
g	m	('SIL-aa', 'f1')	0.572916666667	384
g	w	('SIL-aa', 'f1')	0.700892857143	5824
m	d	('SIL-aa', 'f1')	0.776785714286	224
m	g	('SIL-aa', 'f1')	0.775201612903	3968
m	w	('SIL-aa', 'f1')	0.616758241758	728
w	d	('SIL-aa', 'f1')	0.647959183673	784
w	g	('SIL-aa', 'f1')	0.568764400922	13888
w	m	('SIL-aa', 'f1')	0.369047619048	168
m	n	('aa-ax', 'f2')	0.413862179487	2496
m	t	('aa-ax', 'f2')	0.487723214286	896
n	m	('aa-ax', 'f2')	0.660256410256	3120
n	t	('aa-ax', 'f2')	0.504120879121	728
t	m	('aa-ax', 'f2')	0.6921875	1920
t	n	('aa-ax', 'f2')	0.442307692308	1248
dh	g	('SIL-eh', 's1')	0.655442629179	63168
dh	l	('SIL-eh', 's1')	0.647903726708	15456
dh	t	('SIL-eh', 's1')	0.790476190476	840
dh	w	('SIL-eh', 's1')	0.680290297937	31416
dh	y	('SIL-eh', 's1')	0.639285714286	560
g	dh	('SIL-eh', 's1')	0.507385361552	36288
g	l	('SIL-eh', 's1')	0.735167572464	26496
g	t	('SIL-eh', 's1')	0.66875	1440
g	w	('SIL-eh', 's1')	0.758355614973	53856
g	y	('SIL-eh', 's1')	0.620833333333	960
l	dh	('SIL-eh', 's1')	0.559689153439	18144
l	g	('SIL-eh', 's1')	0.777777777778	54144
l	t	('SIL-eh', 's1')	0.881944444444	720
l	w	('SIL-eh', 's1')	0.534870766488	26928
l	y	('SIL-eh', 's1')	0.722916666667	480
t	dh	('SIL-eh', 's1')	0.632275132275	4536
t	g	('SIL-eh', 's1')	0.635859929078	13536
t	l	('SIL-eh', 's1')	0.7913647343	3312
t	w	('SIL-eh', 's1')	0.802436125966	6732
t	y	('SIL-eh', 's1')	0.708333333333	120
w	dh	('SIL-eh', 's1')	0.528555866791	25704
w	g	('SIL-eh', 's1')	0.73717146433	76704
w	l	('SIL-eh', 's1')	0.515132139812	18768
w	t	('SIL-eh', 's1')	0.861764705882	1020
w	y	('SIL-eh', 's1')	0.798529411765	680
y	dh	('SIL-eh', 's1')	0.604232804233	3780
y	g	('SIL-eh', 's1')	0.74140070922	11280
y	l	('SIL-eh', 's1')	0.75615942029	2760
y	t	('SIL-eh', 's1')	0.84	150
y	w	('SIL-eh', 's1')	0.824064171123	5610
d	g	('SIL-ow', 'd1')	0.546416546417	4158
d	n	('SIL-ow', 'd1')	0.748484848485	990
g	d	('SIL-ow', 'd1')	0.502525252525	1584
g	n	('SIL-ow', 'd1')	0.819421487603	2420
n	d	('SIL-ow', 'd1')	0.492424242424	792
n	g	('SIL-ow', 'd1')	0.587367178276	5082
b	l	('SIL-ay', 'v1')	0.624368686869	1584
b	t	('SIL-ay', 'v1')	0.68253968254	504
l	b	('SIL-ay', 'v1')	0.60101010101	1584
l	t	('SIL-ay', 'v1')	0.93253968254	504
t	b	('SIL-ay', 'v1')	0.546536796537	924
t	l	('SIL-ay', 'v1')	0.784632034632	924
m	n	('aa-ax', 'm2')	0.368131868132	546
m	t	('aa-ax', 'm2')	0.435185185185	216
n	m	('aa-ax', 'm2')	0.440476190476	84
n	t	('aa-ax', 'm2')	0.487103174603	1008
t	m	('aa-ax', 'm2')	0.685185185185	54
t	n	('aa-ax', 'm2')	0.684371184371	1638
b	ch	('SIL-ih', 't1')	0.975047080979	4248
b	g	('SIL-ih', 't1')	0.619047619048	2478
b	hh	('SIL-ih', 't1')	0.601637395506	156468
b	s	('SIL-ih', 't1')	0.726392251816	3304
b	th	('SIL-ih', 't1')	0.645480225989	14160
ch	b	('SIL-ih', 't1')	0.641177998571	30798
ch	g	('SIL-ih', 't1')	0.37037037037	378
ch	hh	('SIL-ih', 't1')	0.622507122507	23868
ch	s	('SIL-ih', 't1')	0.64880952381	504
ch	th	('SIL-ih', 't1')	0.611111111111	2160
g	b	('SIL-ih', 't1')	0.664147950238	23954
g	ch	('SIL-ih', 't1')	0.81746031746	504
g	hh	('SIL-ih', 't1')	0.63429217841	18564
g	s	('SIL-ih', 't1')	0.755102040816	392
g	th	('SIL-ih', 't1')	0.747023809524	1680
hh	b	('SIL-ih', 't1')	0.565380119588	177944
hh	ch	('SIL-ih', 't1')	0.938034188034	3744
hh	g	('SIL-ih', 't1')	0.570054945055	2184
hh	s	('SIL-ih', 't1')	0.733516483516	2912
hh	th	('SIL-ih', 't1')	0.627403846154	12480
s	b	('SIL-ih', 't1')	0.494630333139	27376
s	ch	('SIL-ih', 't1')	0.925347222222	576
s	g	('SIL-ih', 't1')	0.520833333333	336
s	hh	('SIL-ih', 't1')	0.566930618401	21216
s	th	('SIL-ih', 't1')	0.398958333333	1920
th	b	('SIL-ih', 't1')	0.515341905319	54752
th	ch	('SIL-ih', 't1')	0.910590277778	1152
th	g	('SIL-ih', 't1')	0.580357142857	672
th	hh	('SIL-ih', 't1')	0.539757730015	42432
th	s	('SIL-ih', 't1')	0.569196428571	896
b	l	('SIL-ay', 'w1')	0.7	120
b	t	('SIL-ay', 'w1')	0.536491935484	9920
l	b	('SIL-ay', 'w1')	0.866666666667	360
l	t	('SIL-ay', 'w1')	0.871219758065	3968
t	b	('SIL-ay', 'w1')	0.719791666667	2880
t	l	('SIL-ay', 'w1')	0.9140625	384
t	v	('ae-SIL', 'j1')	0.125	16
v	t	('ae-SIL', 'j1')	0.821428571429	112
b	ch	('SIL-ih', 'v1')	0.99537037037	1080
b	g	('SIL-ih', 'v1')	0.346296296296	1080
b	hh	('SIL-ih', 'v1')	0.552697467876	84672
b	s	('SIL-ih', 'v1')	0.741666666667	720
b	th	('SIL-ih', 'v1')	0.604166666667	5616
ch	b	('SIL-ih', 'v1')	0.869576719577	7560
ch	g	('SIL-ih', 'v1')	0.6	180
ch	hh	('SIL-ih', 'v1')	0.832270408163	14112
ch	s	('SIL-ih', 'v1')	0.55	120
ch	th	('SIL-ih', 'v1')	0.742521367521	936
g	b	('SIL-ih', 'v1')	0.836904761905	7560
g	ch	('SIL-ih', 'v1')	0.988888888889	180
g	hh	('SIL-ih', 'v1')	0.670493197279	14112
g	s	('SIL-ih', 'v1')	0.808333333333	120
g	th	('SIL-ih', 'v1')	0.797008547009	936
hh	b	('SIL-ih', 'v1')	0.709912536443	61740
hh	ch	('SIL-ih', 'v1')	0.989795918367	1470
hh	g	('SIL-ih', 'v1')	0.305442176871	1470
hh	s	('SIL-ih', 'v1')	0.826530612245	980
hh	th	('SIL-ih', 'v1')	0.720041862899	7644
s	b	('SIL-ih', 'v1')	0.650476190476	6300
s	ch	('SIL-ih', 'v1')	0.84	150
s	g	('SIL-ih', 'v1')	0.453333333333	150
s	hh	('SIL-ih', 'v1')	0.628316326531	11760
s	th	('SIL-ih', 'v1')	0.402564102564	780
th	b	('SIL-ih', 'v1')	0.592979242979	16380
th	ch	('SIL-ih', 'v1')	0.982051282051	390
th	g	('SIL-ih', 'v1')	0.315384615385	390
th	hh	('SIL-ih', 'v1')	0.55818288854	30576
th	s	('SIL-ih', 'v1')	0.596153846154	260
n	r	('aa-t', 'v1')	0.883343416011	99180
r	n	('aa-t', 'v1')	0.559897531439	386460
t	v	('ae-SIL', 't1')	0.567380952381	4200
v	t	('ae-SIL', 't1')	0.477894736842	5700
d	g	('SIL-ow', 'w3')	0.621428571429	560
d	n	('SIL-ow', 'w3')	0.577619047619	2100
g	d	('SIL-ow', 'w3')	0.640277777778	720
g	n	('SIL-ow', 'w3')	0.675	1680
n	d	('SIL-ow', 'w3')	0.415555555556	1350
n	g	('SIL-ow', 'w3')	0.516666666667	840
dh	g	('SIL-eh', 'w1')	0.781311637081	4056
dh	l	('SIL-eh', 'w1')	0.49188034188	2340
dh	t	('SIL-eh', 'w1')	0.684981684982	1092
dh	w	('SIL-eh', 'w1')	0.732517482517	2860
dh	y	('SIL-eh', 'w1')	0.543118562349	18252
g	dh	('SIL-eh', 'w1')	0.463431952663	8450
g	l	('SIL-eh', 'w1')	0.605128205128	1170
g	t	('SIL-eh', 'w1')	0.734432234432	546
g	w	('SIL-eh', 'w1')	0.803496503497	1430
g	y	('SIL-eh', 'w1')	0.566732412886	9126
l	dh	('SIL-eh', 'w1')	0.689384615385	6500
l	g	('SIL-eh', 'w1')	0.909615384615	1560
l	t	('SIL-eh', 'w1')	0.835714285714	420
l	w	('SIL-eh', 'w1')	0.686363636364	1100
l	y	('SIL-eh', 'w1')	0.620085470085	7020
t	dh	('SIL-eh', 'w1')	0.409450549451	4550
t	g	('SIL-eh', 'w1')	0.746336996337	1092
t	l	('SIL-eh', 'w1')	0.442857142857	630
t	w	('SIL-eh', 'w1')	0.790909090909	770
t	y	('SIL-eh', 'w1')	0.543956043956	4914
w	dh	('SIL-eh', 'w1')	0.651748251748	7150
w	g	('SIL-eh', 'w1')	0.903846153846	1716
w	l	('SIL-eh', 'w1')	0.332323232323	990
w	t	('SIL-eh', 'w1')	0.857142857143	462
w	y	('SIL-eh', 'w1')	0.586635586636	7722
y	dh	('SIL-eh', 'w1')	0.505925925926	17550
y	g	('SIL-eh', 'w1')	0.76685660019	4212
y	l	('SIL-eh', 'w1')	0.384773662551	2430
y	t	('SIL-eh', 'w1')	0.748677248677	1134
y	w	('SIL-eh', 'w1')	0.676430976431	2970
dh	g	('SIL-eh', 'v2')	0.671775592828	3458
dh	l	('SIL-eh', 'v2')	0.478446115288	3990
dh	t	('SIL-eh', 'v2')	0.543859649123	228
dh	w	('SIL-eh', 'v2')	0.500674763833	2964
dh	y	('SIL-eh', 'v2')	0.706698564593	2090
g	dh	('SIL-eh', 'v2')	0.729323308271	4788
g	l	('SIL-eh', 'v2')	0.714285714286	2940
g	t	('SIL-eh', 'v2')	0.565476190476	168
g	w	('SIL-eh', 'v2')	0.624542124542	2184
g	y	('SIL-eh', 'v2')	0.722077922078	1540
l	dh	('SIL-eh', 'v2')	0.535282651072	5130
l	g	('SIL-eh', 'v2')	0.701465201465	2730
l	t	('SIL-eh', 'v2')	0.611111111111	180
l	w	('SIL-eh', 'v2')	0.480341880342	2340
l	y	('SIL-eh', 'v2')	0.755757575758	1650
t	dh	('SIL-eh', 'v2')	0.513157894737	1368
t	g	('SIL-eh', 'v2')	0.508241758242	728
t	l	('SIL-eh', 'v2')	0.560714285714	840
t	w	('SIL-eh', 'v2')	0.522435897436	624
t	y	('SIL-eh', 'v2')	0.715909090909	440
w	dh	('SIL-eh', 'v2')	0.663742690058	4446
w	g	('SIL-eh', 'v2')	0.71639898563	2366
w	l	('SIL-eh', 'v2')	0.569597069597	2730
w	t	('SIL-eh', 'v2')	0.717948717949	156
w	y	('SIL-eh', 'v2')	0.804195804196	1430
y	dh	('SIL-eh', 'v2')	0.465178096757	3762
y	g	('SIL-eh', 'v2')	0.428071928072	2002
y	l	('SIL-eh', 'v2')	0.482683982684	2310
y	t	('SIL-eh', 'v2')	0.477272727273	132
y	w	('SIL-eh', 'v2')	0.466783216783	1716
dh	t	('k-ax', 'v2')	0.328282828283	396
t	dh	('k-ax', 'v2')	0.819444444444	72
ng	s	('ax-SIL', 'f1')	0.813419117647	4352
s	ng	('ax-SIL', 'f1')	0.853431372549	4080
k	t	('s-r', 't1')	0.52	1400
t	k	('s-r', 't1')	0.758541666667	4800
f	g	('SIL-r', 'w1')	0.659698996656	7176
g	f	('SIL-r', 'w1')	0.77110042735	3744
dh	hh	('SIL-ae', 'm2')	0.25	32
dh	k	('SIL-ae', 'm2')	0.727777777778	1440
dh	y	('SIL-ae', 'm2')	0.612980769231	2912
hh	dh	('SIL-ae', 'm2')	0.325	480
hh	k	('SIL-ae', 'm2')	0.75	180
hh	y	('SIL-ae', 'm2')	0.587912087912	364
k	dh	('SIL-ae', 'm2')	0.632083333333	2400
k	hh	('SIL-ae', 'm2')	0.6	20
k	y	('SIL-ae', 'm2')	0.667032967033	1820
y	dh	('SIL-ae', 'm2')	0.450892857143	3360
y	hh	('SIL-ae', 'm2')	0.428571428571	28
y	k	('SIL-ae', 'm2')	0.647619047619	1260
t	k	('ay-SIL', 'q1')	0.333333333333	6
d	w	('ax-ey', 's2')	0.904086021505	9300
w	d	('ax-ey', 's2')	0.601075268817	2790
b	l	('SIL-ay', 't1')	0.495920745921	1716
b	t	('SIL-ay', 't1')	0.625641025641	390
l	b	('SIL-ay', 't1')	0.612179487179	1872
l	t	('SIL-ay', 't1')	0.730555555556	360
t	b	('SIL-ay', 't1')	0.637820512821	936
t	l	('SIL-ay', 't1')	0.564393939394	792
b	hh	('SIL-iy', 'v1')	0.560909090909	1100
b	s	('SIL-iy', 'v1')	0.594444444444	720
hh	b	('SIL-iy', 'v1')	0.553535353535	990
hh	s	('SIL-iy', 'v1')	0.618686868687	792
s	b	('SIL-iy', 'v1')	0.391358024691	810
s	hh	('SIL-iy', 'v1')	0.49898989899	990
b	hh	('SIL-ah', 'i1')	0.623387096774	7440
b	jh	('SIL-ah', 'i1')	0.595982142857	448
b	k	('SIL-ah', 'i1')	0.587912087912	1456
b	w	('SIL-ah', 'i1')	0.721590909091	1056
hh	b	('SIL-ah', 'i1')	0.648617511521	1736
hh	jh	('SIL-ah', 'i1')	0.558755760369	1736
hh	k	('SIL-ah', 'i1')	0.612548741581	5642
hh	w	('SIL-ah', 'i1')	0.82991202346	4092
jh	b	('SIL-ah', 'i1')	0.828125	448
jh	hh	('SIL-ah', 'i1')	0.843279569892	7440
jh	k	('SIL-ah', 'i1')	0.763049450549	1456
jh	w	('SIL-ah', 'i1')	0.924242424242	1056
k	b	('SIL-ah', 'i1')	0.679846938776	784
k	hh	('SIL-ah', 'i1')	0.660368663594	13020
k	jh	('SIL-ah', 'i1')	0.505102040816	784
k	w	('SIL-ah', 'i1')	0.886363636364	1848
w	b	('SIL-ah', 'i1')	0.60119047619	672
w	hh	('SIL-ah', 'i1')	0.700268817204	11160
w	jh	('SIL-ah', 'i1')	0.590773809524	672
w	k	('SIL-ah', 'i1')	0.72619047619	2184
b	hh	('SIL-iy', 'm2')	0.0	4
b	s	('SIL-iy', 'm2')	1.0	4
hh	b	('SIL-iy', 'm2')	0.5	4
hh	s	('SIL-iy', 'm2')	1.0	4
s	b	('SIL-iy', 'm2')	0.5	4
s	hh	('SIL-iy', 'm2')	0.5	4
n	r	('aa-t', 'i1')	0.808586337761	33728
r	n	('aa-t', 'i1')	0.745070187166	35904
m	n	('aa-ax', 'c1')	0.544974479073	832650
m	t	('aa-ax', 'c1')	0.530952380952	31500
n	m	('aa-ax', 'c1')	0.580664845173	109800
n	t	('aa-ax', 'c1')	0.483931824096	230580
t	m	('aa-ax', 'c1')	0.714768518519	21600
t	n	('aa-ax', 'c1')	0.63342273998	1199016
b	hh	('SIL-iy', 'd1')	0.545714285714	3150
b	s	('SIL-iy', 'd1')	0.712063492063	6300
hh	b	('SIL-iy', 'd1')	0.612063492063	3150
hh	s	('SIL-iy', 'd1')	0.709047619048	6300
s	b	('SIL-iy', 'd1')	0.482766439909	4410
s	hh	('SIL-iy', 'd1')	0.377324263039	4410
b	ch	('SIL-ih', 'i1')	0.814545454545	550
b	g	('SIL-ih', 'i1')	0.433333333333	30
b	hh	('SIL-ih', 'i1')	0.495862068966	4350
b	s	('SIL-ih', 'i1')	0.628888888889	450
b	th	('SIL-ih', 'i1')	0.771428571429	210
ch	b	('SIL-ih', 'i1')	0.731818181818	220
ch	g	('SIL-ih', 'i1')	0.287878787879	66
ch	hh	('SIL-ih', 'i1')	0.684117032393	9570
ch	s	('SIL-ih', 'i1')	0.763636363636	990
ch	th	('SIL-ih', 'i1')	0.909090909091	462
g	b	('SIL-ih', 'i1')	0.633333333333	60
g	ch	('SIL-ih', 'i1')	0.727272727273	330
g	hh	('SIL-ih', 'i1')	0.548659003831	2610
g	s	('SIL-ih', 'i1')	0.681481481481	270
g	th	('SIL-ih', 'i1')	0.912698412698	126
hh	b	('SIL-ih', 'i1')	0.588333333333	600
hh	ch	('SIL-ih', 'i1')	0.846060606061	3300
hh	g	('SIL-ih', 'i1')	0.461111111111	180
hh	s	('SIL-ih', 'i1')	0.665925925926	2700
hh	th	('SIL-ih', 'i1')	0.813492063492	1260
s	b	('SIL-ih', 'i1')	0.515	200
s	ch	('SIL-ih', 'i1')	0.787272727273	1100
s	g	('SIL-ih', 'i1')	0.366666666667	60
s	hh	('SIL-ih', 'i1')	0.545747126437	8700
s	th	('SIL-ih', 'i1')	0.730952380952	420
th	b	('SIL-ih', 'i1')	0.55	140
th	ch	('SIL-ih', 'i1')	0.82987012987	770
th	g	('SIL-ih', 'i1')	0.547619047619	42
th	hh	('SIL-ih', 'i1')	0.463054187192	6090
th	s	('SIL-ih', 'i1')	0.579365079365	630
dh	hh	('SIL-ae', 'j1')	0.656060606061	1980
dh	k	('SIL-ae', 'j1')	0.826262626263	1980
dh	y	('SIL-ae', 'j1')	0.627056277056	4620
hh	dh	('SIL-ae', 'j1')	0.731385281385	4620
hh	k	('SIL-ae', 'j1')	0.784444444444	900
hh	y	('SIL-ae', 'j1')	0.79619047619	2100
k	dh	('SIL-ae', 'j1')	0.859307359307	4620
k	hh	('SIL-ae', 'j1')	0.795555555556	900
k	y	('SIL-ae', 'j1')	0.765238095238	2100
y	dh	('SIL-ae', 'j1')	0.55670995671	6930
y	hh	('SIL-ae', 'j1')	0.78	1350
y	k	('SIL-ae', 'j1')	0.742222222222	1350
b	hh	('SIL-ah', 'w1')	0.758834586466	5320
b	jh	('SIL-ah', 'w1')	0.659722222222	1008
b	k	('SIL-ah', 'w1')	0.449874686717	4788
b	w	('SIL-ah', 'w1')	0.647825460829	13888
hh	b	('SIL-ah', 'w1')	0.740384615385	3640
hh	jh	('SIL-ah', 'w1')	0.689583333333	1440
hh	k	('SIL-ah', 'w1')	0.436842105263	6840
hh	w	('SIL-ah', 'w1')	0.766078629032	19840
jh	b	('SIL-ah', 'w1')	0.863247863248	1638
jh	hh	('SIL-ah', 'w1')	0.912865497076	3420
jh	k	('SIL-ah', 'w1')	0.640350877193	3078
jh	w	('SIL-ah', 'w1')	0.895497311828	8928
k	b	('SIL-ah', 'w1')	0.75014459225	3458
k	hh	('SIL-ah', 'w1')	0.768005540166	7220
k	jh	('SIL-ah', 'w1')	0.701754385965	1368
k	w	('SIL-ah', 'w1')	0.736842105263	18848
w	b	('SIL-ah', 'w1')	0.705700549451	5824
w	hh	('SIL-ah', 'w1')	0.807565789474	12160
w	jh	('SIL-ah', 'w1')	0.756510416667	2304
w	k	('SIL-ah', 'w1')	0.551169590643	10944
dh	t	('SIL-ax', 'w1')	0.753208812261	41760
t	dh	('SIL-ax', 'w1')	0.577999408983	67680
m	n	('aa-ax', 's2')	0.483893853399	198744
m	t	('aa-ax', 's2')	0.482939503873	61194
n	m	('aa-ax', 's2')	0.480839673147	7098
n	t	('aa-ax', 's2')	0.519346174829	1477398
t	m	('aa-ax', 's2')	0.527102330294	3948
t	n	('aa-ax', 's2')	0.557130642135	2668848
dh	t	('SIL-ax', 'f1')	0.583265306122	14700
t	dh	('SIL-ax', 'f1')	0.493157262905	24990
k	t	('ay-SIL', 'v2')	0.541176470588	340
t	k	('ay-SIL', 'v2')	0.479411764706	1360
dh	hh	('SIL-ae', 'c1')	0.523128724994	111074
dh	k	('SIL-ae', 'c1')	0.775023933624	94010
dh	y	('SIL-ae', 'c1')	0.531141962706	73470
hh	dh	('SIL-ae', 'c1')	0.594804318489	234156
hh	k	('SIL-ae', 'c1')	0.770499778859	45220
hh	y	('SIL-ae', 'c1')	0.528239954726	35340
k	dh	('SIL-ae', 'c1')	0.692873371354	215670
k	hh	('SIL-ae', 'c1')	0.610424710425	49210
k	y	('SIL-ae', 'c1')	0.633056835637	32550
y	dh	('SIL-ae', 'c1')	0.569180513239	191022
y	hh	('SIL-ae', 'c1')	0.507181204974	43586
y	k	('SIL-ae', 'c1')	0.699186771483	36890
k	t	('ay-SIL', 'd1')	0.694927536232	5520
t	k	('ay-SIL', 'd1')	0.698148148148	2160
b	ch	('SIL-ih', 's1')	0.818644067797	1770
b	g	('SIL-ih', 's1')	0.551937046005	24780
b	hh	('SIL-ih', 's1')	0.553131608507	318718
b	s	('SIL-ih', 's1')	0.610292311471	32568
b	th	('SIL-ih', 's1')	0.420338983051	1180
ch	b	('SIL-ih', 's1')	0.718001168907	20532
ch	g	('SIL-ih', 's1')	0.659523809524	2520
ch	hh	('SIL-ih', 's1')	0.773664075034	32412
ch	s	('SIL-ih', 's1')	0.723731884058	3312
ch	th	('SIL-ih', 's1')	0.65	120
g	b	('SIL-ih', 's1')	0.729773732988	71862
g	ch	('SIL-ih', 's1')	0.853968253968	630
g	hh	('SIL-ih', 's1')	0.526092628832	113442
g	s	('SIL-ih', 's1')	0.780538302277	11592
g	th	('SIL-ih', 's1')	0.614285714286	420
hh	b	('SIL-ih', 's1')	0.719458353737	253228
hh	ch	('SIL-ih', 's1')	0.901801801802	2220
hh	g	('SIL-ih', 's1')	0.500868725869	31080
hh	s	('SIL-ih', 's1')	0.804861927145	40848
hh	th	('SIL-ih', 's1')	0.576351351351	1480
s	b	('SIL-ih', 's1')	0.572679232418	82128
s	ch	('SIL-ih', 's1')	0.734722222222	720
s	g	('SIL-ih', 's1')	0.601984126984	10080
s	hh	('SIL-ih', 's1')	0.639886461804	129648
s	th	('SIL-ih', 's1')	0.4	480
th	b	('SIL-ih', 's1')	0.554997077732	17110
th	ch	('SIL-ih', 's1')	0.806666666667	150
th	g	('SIL-ih', 's1')	0.578095238095	2100
th	hh	('SIL-ih', 's1')	0.562051092188	27010
th	s	('SIL-ih', 's1')	0.541304347826	2760
m	n	('aa-ax', 'f1')	0.389823609227	22110
m	t	('aa-ax', 'f1')	0.471784511785	14850
n	m	('aa-ax', 'f1')	0.861194029851	1340
n	t	('aa-ax', 'f1')	0.528287853661	198990
t	m	('aa-ax', 'f1')	0.932727272727	1100
t	n	('aa-ax', 'f1')	0.53207104971	243210
dh	g	('SIL-eh', 't1')	0.630673076923	20800
dh	l	('SIL-eh', 't1')	0.591032608696	17664
dh	w	('SIL-eh', 't1')	0.638157894737	12160
dh	y	('SIL-eh', 't1')	0.421875	64
g	dh	('SIL-eh', 't1')	0.58746898263	25792
g	l	('SIL-eh', 't1')	0.730838907469	14352
g	w	('SIL-eh', 't1')	0.773076923077	9880
g	y	('SIL-eh', 't1')	0.307692307692	52
l	dh	('SIL-eh', 't1')	0.531670026882	23808
l	g	('SIL-eh', 't1')	0.695320512821	15600
l	w	('SIL-eh', 't1')	0.502960526316	9120
l	y	('SIL-eh', 't1')	0.520833333333	48
t	dh	('SIL-eh', 't1')	0.728830645161	992
t	g	('SIL-eh', 't1')	0.521538461538	650
t	l	('SIL-eh', 't1')	0.833333333333	552
t	w	('SIL-eh', 't1')	0.973684210526	380
t	y	('SIL-eh', 't1')	0.5	2
w	dh	('SIL-eh', 't1')	0.626058467742	19840
w	g	('SIL-eh', 't1')	0.753384615385	13000
w	l	('SIL-eh', 't1')	0.568206521739	11040
w	y	('SIL-eh', 't1')	0.675	40
y	dh	('SIL-eh', 't1')	0.207661290323	1984
y	g	('SIL-eh', 't1')	0.268461538462	1300
y	l	('SIL-eh', 't1')	0.380434782609	1104
y	w	('SIL-eh', 't1')	0.446052631579	760
f	g	('SIL-r', 'q1')	0.619047619048	84
g	f	('SIL-r', 'q1')	0.5	14
k	n	('ih-ax', 'm2')	0.833333333333	60
k	t	('ih-ax', 'm2')	0.599673202614	612
n	k	('ih-ax', 'm2')	1.0	12
n	t	('ih-ax', 'm2')	0.466230936819	1836
t	k	('ih-ax', 'm2')	0.972222222222	36
t	n	('ih-ax', 'm2')	0.698148148148	540
k	t	('ay-SIL', 't1')	0.442307692308	1248
t	k	('ay-SIL', 't1')	0.535714285714	728
t	dh	('k-ax', 'f2')	0.666666666667	6
ng	s	('ax-SIL', 's1')	0.806818181818	2112
s	ng	('ax-SIL', 's1')	0.744097222222	2880
d	g	('SIL-aa', 'm2')	0.361111111111	72
d	w	('SIL-aa', 'm2')	1.0	2
g	w	('SIL-aa', 'm2')	0.833333333333	18
m	g	('SIL-aa', 'm2')	0.375	72
m	w	('SIL-aa', 'm2')	0.0	2
w	g	('SIL-aa', 'm2')	0.638888888889	144
n	r	('aa-t', 'd1')	0.771949404762	2688
r	n	('aa-t', 'd1')	0.473993764172	28224
m	n	('aa-ax', 'q1')	0.65329218107	1944
m	t	('aa-ax', 'q1')	0.472685185185	6480
n	m	('aa-ax', 'q1')	0.823994935106	6318
n	t	('aa-ax', 'q1')	0.529166666667	2160
t	m	('aa-ax', 'q1')	0.825676638177	11232
t	n	('aa-ax', 'q1')	0.676215277778	1152
ng	s	('ax-SIL', 'w3')	0.660960960961	19980
s	ng	('ax-SIL', 'w3')	0.770785070785	7770
dh	t	('SIL-ax', 'f2')	0.888888888889	36
t	dh	('SIL-ax', 'f2')	0.3	90
b	l	('SIL-ay', 'f2')	0.285714285714	14
b	t	('SIL-ay', 'f2')	0.785714285714	42
l	b	('SIL-ay', 'f2')	0.535714285714	84
l	t	('SIL-ay', 'f2')	0.916666666667	12
t	b	('SIL-ay', 'f2')	0.507936507937	126
t	l	('SIL-ay', 'f2')	0.666666666667	6
dh	t	('k-ax', 's1')	0.702205882353	1904
t	dh	('k-ax', 's1')	0.775910364146	714
b	l	('SIL-ay', 'c1')	0.579797979798	990
b	t	('SIL-ay', 'c1')	0.703296703297	1638
l	b	('SIL-ay', 'c1')	0.670454545455	792
l	t	('SIL-ay', 'c1')	0.777222777223	2002
t	b	('SIL-ay', 'c1')	0.688492063492	1008
t	l	('SIL-ay', 'c1')	0.675324675325	1540
d	g	('SIL-aa', 'q1')	0.6	30
d	m	('SIL-aa', 'q1')	0.809523809524	42
d	w	('SIL-aa', 'q1')	0.333333333333	6
g	m	('SIL-aa', 'q1')	0.829365079365	252
g	w	('SIL-aa', 'q1')	0.444444444444	36
m	g	('SIL-aa', 'q1')	0.766666666667	210
m	w	('SIL-aa', 'q1')	0.380952380952	42
w	g	('SIL-aa', 'q1')	0.822222222222	90
w	m	('SIL-aa', 'q1')	0.801587301587	126
b	l	('SIL-ay', 'd1')	0.478851010101	3168
b	t	('SIL-ay', 'd1')	0.577892561983	4840
l	b	('SIL-ay', 'd1')	0.794397463002	17028
l	t	('SIL-ay', 'd1')	0.865656565657	990
t	b	('SIL-ay', 'd1')	0.690467038247	20812
t	l	('SIL-ay', 'd1')	0.652777777778	792
n	r	('aa-t', 't1')	0.659151193634	4524
r	n	('aa-t', 't1')	0.43700265252	10556
ng	s	('ax-SIL', 'i1')	0.815909090909	1320
s	ng	('ax-SIL', 'i1')	0.871212121212	1452
ng	s	('ax-SIL', 'v2')	0.670745920746	3432
s	ng	('ax-SIL', 'v2')	0.773461538462	7800
b	ch	('SIL-ih', 'v2')	0.96875	32
b	g	('SIL-ih', 'v2')	0.582465277778	1152
b	hh	('SIL-ih', 'v2')	0.585773273273	21312
b	s	('SIL-ih', 'v2')	0.776721014493	8832
b	th	('SIL-ih', 'v2')	0.668055555556	1440
ch	b	('SIL-ih', 'v2')	0.71875	480
ch	g	('SIL-ih', 'v2')	0.493055555556	144
ch	hh	('SIL-ih', 'v2')	0.618993993994	2664
ch	s	('SIL-ih', 'v2')	0.712862318841	1104
ch	th	('SIL-ih', 'v2')	0.577777777778	180
g	b	('SIL-ih', 'v2')	0.549074074074	2160
g	ch	('SIL-ih', 'v2')	0.777777777778	18
g	hh	('SIL-ih', 'v2')	0.501251251251	11988
g	s	('SIL-ih', 'v2')	0.770330112721	4968
g	th	('SIL-ih', 'v2')	0.696296296296	810
hh	b	('SIL-ih', 'v2')	0.631981981982	8880
hh	ch	('SIL-ih', 'v2')	0.972972972973	74
hh	g	('SIL-ih', 'v2')	0.57545045045	2664
hh	s	('SIL-ih', 'v2')	0.81223070897	20424
hh	th	('SIL-ih', 'v2')	0.751351351351	3330
s	b	('SIL-ih', 'v2')	0.696006944444	5760
s	ch	('SIL-ih', 'v2')	0.895833333333	48
s	g	('SIL-ih', 'v2')	0.680555555556	1728
s	hh	('SIL-ih', 'v2')	0.659065315315	31968
s	th	('SIL-ih', 'v2')	0.564351851852	2160
th	b	('SIL-ih', 'v2')	0.610416666667	2400
th	ch	('SIL-ih', 'v2')	0.85	20
th	g	('SIL-ih', 'v2')	0.613888888889	720
th	hh	('SIL-ih', 'v2')	0.60533033033	13320
th	s	('SIL-ih', 'v2')	0.606702898551	5520
b	ch	('SIL-ih', 'm2')	1.0	2
b	hh	('SIL-ih', 'm2')	0.663742690058	342
b	th	('SIL-ih', 'm2')	0.583333333333	12
ch	hh	('SIL-ih', 'm2')	0.84649122807	684
ch	th	('SIL-ih', 'm2')	0.416666666667	24
g	ch	('SIL-ih', 'm2')	1.0	2
g	hh	('SIL-ih', 'm2')	0.485380116959	342
g	th	('SIL-ih', 'm2')	0.666666666667	12
hh	ch	('SIL-ih', 'm2')	1.0	38
hh	th	('SIL-ih', 'm2')	0.55701754386	228
s	ch	('SIL-ih', 'm2')	1.0	2
s	hh	('SIL-ih', 'm2')	0.5	342
s	th	('SIL-ih', 'm2')	0.333333333333	12
th	ch	('SIL-ih', 'm2')	1.0	8
th	hh	('SIL-ih', 'm2')	0.657894736842	1368
d	g	('SIL-aa', 'j1')	0.566666666667	780
d	m	('SIL-aa', 'j1')	0.77	7800
d	w	('SIL-aa', 'j1')	0.983333333333	60
g	d	('SIL-aa', 'j1')	0.319230769231	260
g	m	('SIL-aa', 'j1')	0.789003944773	20280
g	w	('SIL-aa', 'j1')	0.884615384615	156
m	d	('SIL-aa', 'j1')	0.41375	800
m	g	('SIL-aa', 'j1')	0.583333333333	6240
m	w	('SIL-aa', 'j1')	0.81875	480
w	d	('SIL-aa', 'j1')	0.425	80
w	g	('SIL-aa', 'j1')	0.366987179487	624
w	m	('SIL-aa', 'j1')	0.540224358974	6240
dh	t	('SIL-ax', 's3')	0.666666666667	18
t	dh	('SIL-ax', 's3')	0.5	18
n	r	('aa-t', 'w3')	0.522619047619	2520
r	n	('aa-t', 'w3')	0.69243697479	10710
b	ch	('SIL-ih', 'f1')	0.593045112782	1064
b	hh	('SIL-ih', 'f1')	0.536647450775	26714
b	s	('SIL-ih', 'f1')	0.472089314195	2508
b	th	('SIL-ih', 'f1')	0.600781845919	10488
ch	b	('SIL-ih', 'f1')	0.627923976608	2736
ch	hh	('SIL-ih', 'f1')	0.61219772404	11248
ch	s	('SIL-ih', 'f1')	0.58428030303	1056
ch	th	('SIL-ih', 'f1')	0.739809782609	4416
g	b	('SIL-ih', 'f1')	0.374269005848	342
g	ch	('SIL-ih', 'f1')	0.696428571429	56
g	hh	('SIL-ih', 'f1')	0.587482219061	1406
g	s	('SIL-ih', 'f1')	0.515151515152	132
g	th	('SIL-ih', 'f1')	0.530797101449	552
hh	b	('SIL-ih', 'f1')	0.515004616805	12996
hh	ch	('SIL-ih', 'f1')	0.578477443609	2128
hh	s	('SIL-ih', 'f1')	0.514354066986	5016
hh	th	('SIL-ih', 'f1')	0.651601830664	20976
s	b	('SIL-ih', 'f1')	0.470760233918	4104
s	ch	('SIL-ih', 'f1')	0.488095238095	672
s	hh	('SIL-ih', 'f1')	0.538347558084	16872
s	th	('SIL-ih', 'f1')	0.587258454106	6624
th	b	('SIL-ih', 'f1')	0.437012670565	8208
th	ch	('SIL-ih', 'f1')	0.548363095238	1344
th	hh	('SIL-ih', 'f1')	0.520596254149	33744
th	s	('SIL-ih', 'f1')	0.436868686869	3168
dh	t	('k-ax', 't1')	0.549673202614	1530
t	dh	('k-ax', 't1')	0.783088235294	2720
f	g	('SIL-r', 'j1')	0.426666666667	150
g	f	('SIL-r', 'j1')	0.633333333333	120
dh	t	('SIL-ax', 't1')	0.687091503268	1224
t	dh	('SIL-ax', 't1')	0.50408496732	2448
w	d	('ax-ey', 's3')	0.666666666667	12
b	hh	('SIL-ah', 't1')	0.477631578947	760
b	jh	('SIL-ah', 't1')	0.702257125026	19228
b	k	('SIL-ah', 't1')	0.622903412377	6916
b	w	('SIL-ah', 't1')	0.643667094566	65436
hh	b	('SIL-ah', 't1')	0.522332859175	7030
hh	jh	('SIL-ah', 't1')	0.708695652174	2530
hh	k	('SIL-ah', 't1')	0.553846153846	910
hh	w	('SIL-ah', 't1')	0.646109175377	8610
jh	b	('SIL-ah', 't1')	0.748129136001	32338
jh	hh	('SIL-ah', 't1')	0.7	460
jh	k	('SIL-ah', 't1')	0.77878643096	4186
jh	w	('SIL-ah', 't1')	0.835378478008	39606
k	b	('SIL-ah', 't1')	0.543487096119	19684
k	hh	('SIL-ah', 't1')	0.521428571429	280
k	jh	('SIL-ah', 't1')	0.673913043478	7084
k	w	('SIL-ah', 't1')	0.706777833084	24108
w	b	('SIL-ah', 't1')	0.651747612274	59052
w	hh	('SIL-ah', 't1')	0.580952380952	840
w	jh	('SIL-ah', 't1')	0.821334462639	21252
w	k	('SIL-ah', 't1')	0.788330716902	7644
d	g	('SIL-ow', 'q1')	0.738888888889	180
d	n	('SIL-ow', 'q1')	0.691379310345	5220
g	d	('SIL-ow', 'q1')	0.611111111111	180
g	n	('SIL-ow', 'q1')	0.8	5220
n	d	('SIL-ow', 'q1')	0.476666666667	900
n	g	('SIL-ow', 'q1')	0.71	900
dh	g	('SIL-eh', 'q1')	0.553571428571	168
dh	l	('SIL-eh', 'q1')	0.166666666667	6
dh	t	('SIL-eh', 'q1')	0.166666666667	6
dh	w	('SIL-eh', 'q1')	1.0	6
dh	y	('SIL-eh', 'q1')	1.0	6
g	dh	('SIL-eh', 'q1')	0.520833333333	48
g	l	('SIL-eh', 'q1')	0.125	16
g	t	('SIL-eh', 'q1')	0.5	16
g	w	('SIL-eh', 'q1')	0.875	16
g	y	('SIL-eh', 'q1')	0.75	16
l	dh	('SIL-eh', 'q1')	0.5	12
l	g	('SIL-eh', 'q1')	0.696428571429	112
l	t	('SIL-eh', 'q1')	0.25	4
l	w	('SIL-eh', 'q1')	1.0	4
l	y	('SIL-eh', 'q1')	1.0	4
t	dh	('SIL-eh', 'q1')	0.583333333333	12
t	g	('SIL-eh', 'q1')	0.696428571429	112
t	l	('SIL-eh', 'q1')	0.0	4
t	w	('SIL-eh', 'q1')	1.0	4
t	y	('SIL-eh', 'q1')	1.0	4
w	dh	('SIL-eh', 'q1')	0.666666666667	12
w	g	('SIL-eh', 'q1')	0.598214285714	112
w	l	('SIL-eh', 'q1')	0.0	4
w	t	('SIL-eh', 'q1')	0.5	4
w	y	('SIL-eh', 'q1')	1.0	4
y	dh	('SIL-eh', 'q1')	0.5	12
y	g	('SIL-eh', 'q1')	0.383928571429	112
y	l	('SIL-eh', 'q1')	0.0	4
y	t	('SIL-eh', 'q1')	0.5	4
y	w	('SIL-eh', 'q1')	1.0	4
k	n	('ih-ax', 't1')	0.745590828924	2268
k	t	('ih-ax', 't1')	0.649275362319	6210
n	k	('ih-ax', 't1')	0.767857142857	168
n	t	('ih-ax', 't1')	0.461559696342	57960
t	k	('ih-ax', 't1')	0.851449275362	276
t	n	('ih-ax', 't1')	0.615251897861	34776
d	g	('SIL-aa', 'w3')	0.432773109244	1904
d	m	('SIL-aa', 'w3')	0.825757575758	924
d	w	('SIL-aa', 'w3')	0.619047619048	1680
g	d	('SIL-aa', 'w3')	0.553221288515	714
g	m	('SIL-aa', 'w3')	0.886363636364	2244
g	w	('SIL-aa', 'w3')	0.660294117647	4080
m	d	('SIL-aa', 'w3')	0.698412698413	504
m	g	('SIL-aa', 'w3')	0.653492647059	3264
m	w	('SIL-aa', 'w3')	0.513194444444	2880
w	d	('SIL-aa', 'w3')	0.732142857143	672
w	g	('SIL-aa', 'w3')	0.715073529412	4352
w	m	('SIL-aa', 'w3')	0.810606060606	2112
b	l	('SIL-ay', 'q1')	0.133333333333	30
b	t	('SIL-ay', 'q1')	0.535794871795	9750
l	b	('SIL-ay', 'q1')	0.72619047619	420
l	t	('SIL-ay', 'q1')	0.606153846154	1300
t	b	('SIL-ay', 'q1')	0.712454212454	5460
t	l	('SIL-ay', 'q1')	0.0961538461538	52
t	v	('ae-SIL', 'w1')	0.591649159664	7616
v	t	('ae-SIL', 'w1')	0.419312169312	12852
d	w	('ax-ey', 'm2')	0.791501976285	1012
w	d	('ax-ey', 'm2')	0.978260869565	46
f	g	('SIL-r', 't1')	0.644444444444	810
g	f	('SIL-r', 't1')	0.523611111111	720
dh	hh	('SIL-ae', 't1')	0.62866134108	8262
dh	k	('SIL-ae', 't1')	0.839869281046	8262
dh	y	('SIL-ae', 't1')	0.552345679012	16200
hh	dh	('SIL-ae', 't1')	0.67537195315	12636
hh	k	('SIL-ae', 't1')	0.799019607843	5508
hh	y	('SIL-ae', 't1')	0.646666666667	10800
k	dh	('SIL-ae', 't1')	0.742798353909	12636
k	hh	('SIL-ae', 't1')	0.702977487291	5508
k	y	('SIL-ae', 't1')	0.659537037037	10800
y	dh	('SIL-ae', 't1')	0.60358974359	17550
y	hh	('SIL-ae', 't1')	0.650196078431	7650
y	k	('SIL-ae', 't1')	0.789411764706	7650
d	g	('SIL-ow', 'f2')	0.8125	16
d	n	('SIL-ow', 'f2')	0.546590909091	880
g	d	('SIL-ow', 'f2')	0.392857142857	112
g	n	('SIL-ow', 'f2')	0.527272727273	220
n	d	('SIL-ow', 'f2')	0.535714285714	616
n	g	('SIL-ow', 'f2')	0.863636363636	22
dh	t	('k-ax', 'w1')	0.433333333333	840
t	dh	('k-ax', 'w1')	0.621428571429	1680
d	g	('SIL-aa', 'v2')	0.614285714286	210
d	m	('SIL-aa', 'v2')	0.433333333333	30
d	w	('SIL-aa', 'v2')	0.708333333333	72
g	m	('SIL-aa', 'v2')	0.62	450
g	w	('SIL-aa', 'v2')	0.697222222222	1080
m	g	('SIL-aa', 'v2')	0.866666666667	1260
m	w	('SIL-aa', 'v2')	0.597222222222	432
w	g	('SIL-aa', 'v2')	0.825396825397	1890
w	m	('SIL-aa', 'v2')	0.537037037037	270
k	n	('ih-ax', 'q1')	0.486507936508	1260
k	t	('ih-ax', 'q1')	0.340079365079	2520
n	k	('ih-ax', 'q1')	0.535555555556	450
n	t	('ih-ax', 'q1')	0.474126984127	6300
t	k	('ih-ax', 'q1')	0.733333333333	630
t	n	('ih-ax', 'q1')	0.763265306122	4410
m	n	('aa-ax', 's3')	1.0	28
m	t	('aa-ax', 's3')	1.0	84
n	m	('aa-ax', 's3')	0.967032967033	364
n	t	('aa-ax', 's3')	0.166666666667	12
t	m	('aa-ax', 's3')	0.912087912088	546
t	n	('aa-ax', 's3')	0.5	6
d	w	('ax-ey', 't1')	0.783333333333	1320
w	d	('ax-ey', 't1')	0.840740740741	1080
k	n	('ih-ax', 'v1')	0.888636363636	4400
k	t	('ih-ax', 'v1')	0.742864583333	364800
n	k	('ih-ax', 'v1')	0.687179487179	17160
n	t	('ih-ax', 'v1')	0.589035087719	100320
t	k	('ih-ax', 'v1')	0.840691773504	149760
t	n	('ih-ax', 'v1')	0.887973484848	10560
dh	t	('SIL-ax', 'v1')	0.731666666667	10800
t	dh	('SIL-ax', 'v1')	0.55615530303	31680
d	w	('ax-ey', 'd1')	0.827380952381	25200
w	d	('ax-ey', 'd1')	0.829532163743	13680
n	r	('aa-t', 'c1')	0.84	1200
r	n	('aa-t', 'c1')	0.626602564103	9360
t	v	('ae-SIL', 's2')	0.560887096774	7440
v	t	('ae-SIL', 's2')	0.572043010753	14880
b	hh	('SIL-iy', 's1')	0.459033613445	952
b	s	('SIL-iy', 's1')	0.647535127411	25194
hh	b	('SIL-iy', 's1')	0.622702205882	2176
hh	s	('SIL-iy', 's1')	0.753795546559	11856
s	b	('SIL-iy', 's1')	0.382164404223	10608
s	hh	('SIL-iy', 's1')	0.3663003663	2184
b	l	('SIL-ay', 'w3')	0.581854043393	2028
b	t	('SIL-ay', 'w3')	0.84358974359	390
l	b	('SIL-ay', 'w3')	0.611439842209	2028
l	t	('SIL-ay', 'w3')	0.817948717949	390
t	b	('SIL-ay', 'w3')	0.657051282051	936
t	l	('SIL-ay', 'w3')	0.461538461538	936
k	t	('s-r', 's2')	0.724358974359	624
t	k	('s-r', 's2')	0.846153846154	156
b	l	('SIL-ay', 'f1')	0.7875	160
b	t	('SIL-ay', 'f1')	0.666666666667	336
l	b	('SIL-ay', 'f1')	0.457142857143	280
l	t	('SIL-ay', 'f1')	0.771428571429	210
t	b	('SIL-ay', 'f1')	0.482142857143	392
t	l	('SIL-ay', 'f1')	0.9	140
n	r	('aa-t', 's1')	0.902199292009	79662
r	n	('aa-t', 's1')	0.791892531661	168980
dh	g	('SIL-eh', 'm2')	0.491666666667	120
dh	l	('SIL-eh', 'm2')	0.551785714286	560
dh	t	('SIL-eh', 'm2')	0.65	20
dh	w	('SIL-eh', 'm2')	0.966666666667	60
dh	y	('SIL-eh', 'm2')	0.716666666667	60
g	dh	('SIL-eh', 'm2')	0.341666666667	360
g	l	('SIL-eh', 'm2')	0.638392857143	224
g	t	('SIL-eh', 'm2')	0.625	8
g	w	('SIL-eh', 'm2')	1.0	24
g	y	('SIL-eh', 'm2')	0.583333333333	24
l	dh	('SIL-eh', 'm2')	0.448611111111	720
l	g	('SIL-eh', 'm2')	0.71875	96
l	t	('SIL-eh', 'm2')	0.5625	16
l	w	('SIL-eh', 'm2')	0.9375	48
l	y	('SIL-eh', 'm2')	0.770833333333	48
t	dh	('SIL-eh', 'm2')	0.327777777778	180
t	g	('SIL-eh', 'm2')	0.416666666667	24
t	l	('SIL-eh', 'm2')	0.446428571429	112
t	w	('SIL-eh', 'm2')	0.833333333333	12
t	y	('SIL-eh', 'm2')	0.583333333333	12
w	dh	('SIL-eh', 'm2')	0.611111111111	270
w	g	('SIL-eh', 'm2')	0.888888888889	36
w	l	('SIL-eh', 'm2')	0.607142857143	168
w	t	('SIL-eh', 'm2')	0.666666666667	6
w	y	('SIL-eh', 'm2')	0.777777777778	18
y	dh	('SIL-eh', 'm2')	0.314814814815	270
y	g	('SIL-eh', 'm2')	0.5	36
y	l	('SIL-eh', 'm2')	0.517857142857	168
y	t	('SIL-eh', 'm2')	0.333333333333	6
y	w	('SIL-eh', 'm2')	0.888888888889	18
k	t	('s-r', 'v1')	0.750514403292	13608
t	k	('s-r', 'v1')	0.71802054155	8568
b	hh	('SIL-iy', 'i1')	0.458087367178	5082
b	s	('SIL-iy', 'i1')	0.609090909091	330
hh	b	('SIL-iy', 'i1')	0.564049586777	2420
hh	s	('SIL-iy', 'i1')	0.686363636364	660
s	b	('SIL-iy', 'i1')	0.568181818182	660
s	hh	('SIL-iy', 'i1')	0.536075036075	2772
k	t	('ay-SIL', 'f2')	0.37037037037	216
t	k	('ay-SIL', 'f2')	0.722222222222	54
t	k	('s-r', 'f2')	0.65	20
k	n	('ih-ax', 's1')	0.840067900413	60088
k	t	('ih-ax', 's1')	0.753105368077	503644
n	k	('ih-ax', 's1')	0.716426866167	156658
n	t	('ih-ax', 's1')	0.605920739307	197374
t	k	('ih-ax', 's1')	0.762435153424	448366
t	n	('ih-ax', 's1')	0.736319662888	67396
k	n	('ih-ax', 'j1')	0.631313131313	792
k	t	('ih-ax', 'j1')	0.395238095238	14700
n	k	('ih-ax', 'j1')	0.861111111111	360
n	t	('ih-ax', 'j1')	0.391394557823	29400
t	k	('ih-ax', 'j1')	0.902666666667	1500
t	n	('ih-ax', 'j1')	0.755757575758	6600
dh	t	('SIL-ax', 's2')	0.694858299595	24700
t	dh	('SIL-ax', 's2')	0.600576923077	83200
k	n	('ih-ax', 'i1')	0.814429012346	2592
k	t	('ih-ax', 'i1')	0.83057179987	12312
n	k	('ih-ax', 'i1')	0.918694885362	11340
n	t	('ih-ax', 'i1')	0.54840805718	3078
t	k	('ih-ax', 'i1')	0.930952380952	23940
t	n	('ih-ax', 'i1')	0.701023391813	1368
b	ch	('SIL-ih', 'f2')	1.0	8
b	hh	('SIL-ih', 'f2')	0.729166666667	48
b	s	('SIL-ih', 'f2')	0.375	8
ch	b	('SIL-ih', 'f2')	0.791666666667	24
ch	hh	('SIL-ih', 'f2')	0.833333333333	24
ch	s	('SIL-ih', 'f2')	0.25	4
g	b	('SIL-ih', 'f2')	0.5	12
g	ch	('SIL-ih', 'f2')	1.0	2
g	hh	('SIL-ih', 'f2')	0.416666666667	12
g	s	('SIL-ih', 'f2')	0.0	2
hh	b	('SIL-ih', 'f2')	0.479166666667	48
hh	ch	('SIL-ih', 'f2')	1.0	8
hh	s	('SIL-ih', 'f2')	0.25	8
s	b	('SIL-ih', 'f2')	0.708333333333	24
s	ch	('SIL-ih', 'f2')	1.0	4
s	hh	('SIL-ih', 'f2')	0.791666666667	24
th	b	('SIL-ih', 'f2')	0.583333333333	12
th	ch	('SIL-ih', 'f2')	1.0	2
th	hh	('SIL-ih', 'f2')	0.833333333333	12
th	s	('SIL-ih', 'f2')	0.0	2
t	v	('ae-SIL', 'v1')	0.510008169935	14688
v	t	('ae-SIL', 'v1')	0.642065602837	40608
d	g	('SIL-aa', 's1')	0.454006638217	4218
d	m	('SIL-aa', 's1')	0.717299578059	18486
d	w	('SIL-aa', 's1')	0.588183421517	2268
g	d	('SIL-aa', 's1')	0.530701754386	228
g	m	('SIL-aa', 's1')	0.719020652898	234156
g	w	('SIL-aa', 's1')	0.572507658034	28728
m	d	('SIL-aa', 's1')	0.508438818565	474
m	g	('SIL-aa', 's1')	0.51307236617	111074
m	w	('SIL-aa', 's1')	0.465641952984	59724
w	d	('SIL-aa', 's1')	0.583333333333	168
w	g	('SIL-aa', 's1')	0.575568990043	39368
w	m	('SIL-aa', 's1')	0.653202809848	172536
k	t	('s-r', 'i1')	0.665833333333	2400
t	k	('s-r', 'i1')	0.736666666667	300
dh	t	('k-ax', 'i1')	0.404761904762	84
t	dh	('k-ax', 'i1')	0.60119047619	168
b	l	('SIL-ay', 's1')	0.825231481481	4320
l	b	('SIL-ay', 's1')	0.818262411348	22560
t	b	('SIL-ay', 's1')	0.546985815603	2256
t	l	('SIL-ay', 's1')	0.9	90
k	t	('ay-SIL', 'w3')	0.536805555556	2880
t	k	('ay-SIL', 'w3')	0.493548387097	9920
b	hh	('SIL-ah', 'j1')	0.656565656566	396
b	jh	('SIL-ah', 'j1')	1.0	18
b	k	('SIL-ah', 'j1')	0.656565656566	396
b	w	('SIL-ah', 'j1')	0.634053081422	4446
hh	b	('SIL-ah', 'j1')	0.833333333333	72
hh	jh	('SIL-ah', 'j1')	1.0	72
hh	k	('SIL-ah', 'j1')	0.568813131313	1584
hh	w	('SIL-ah', 'j1')	0.747132253711	17784
jh	b	('SIL-ah', 'j1')	1.0	18
jh	hh	('SIL-ah', 'j1')	0.813131313131	396
jh	k	('SIL-ah', 'j1')	0.618686868687	396
jh	w	('SIL-ah', 'j1')	0.863472784525	4446
k	b	('SIL-ah', 'j1')	0.888888888889	72
k	hh	('SIL-ah', 'j1')	0.659090909091	1584
k	jh	('SIL-ah', 'j1')	0.875	72
k	w	('SIL-ah', 'j1')	0.807523616734	17784
w	b	('SIL-ah', 'j1')	0.735042735043	234
w	hh	('SIL-ah', 'j1')	0.723387723388	5148
w	jh	('SIL-ah', 'j1')	0.957264957265	234
w	k	('SIL-ah', 'j1')	0.728826728827	5148
t	v	('ae-SIL', 'c1')	0.562439613527	33120
v	t	('ae-SIL', 'c1')	0.49311440678	84960
r	n	('aa-t', 'm2')	0.450537634409	930
d	g	('SIL-ow', 'f1')	0.457869012708	10230
d	n	('SIL-ow', 'f1')	0.765909090909	2640
g	d	('SIL-ow', 'f1')	0.576832844575	3410
g	n	('SIL-ow', 'f1')	0.796908602151	7440
n	d	('SIL-ow', 'f1')	0.603409090909	1760
n	g	('SIL-ow', 'f1')	0.529233870968	14880
d	w	('ax-ey', 'j1')	0.896723646724	4212
w	d	('ax-ey', 'j1')	0.668529476222	9126
d	g	('SIL-aa', 'v1')	0.488392857143	3360
d	m	('SIL-aa', 'v1')	0.834459459459	18648
d	w	('SIL-aa', 'v1')	0.783458646617	5320
g	d	('SIL-aa', 'v1')	0.607142857143	2912
g	m	('SIL-aa', 'v1')	0.885275900901	21312
g	w	('SIL-aa', 'v1')	0.814473684211	6080
m	d	('SIL-aa', 'v1')	0.725571725572	6734
m	g	('SIL-aa', 'v1')	0.704054054054	8880
m	w	('SIL-aa', 'v1')	0.583854907539	14060
w	d	('SIL-aa', 'v1')	0.803296703297	3640
w	g	('SIL-aa', 'v1')	0.717291666667	4800
w	m	('SIL-aa', 'v1')	0.695833333333	26640
w	d	('ax-ey', 'q1')	0.666666666667	6
t	v	('ae-SIL', 'm2')	0.52380952381	42
v	t	('ae-SIL', 'm2')	0.674603174603	126
d	g	('SIL-ow', 'v2')	0.779250161603	3094
d	n	('SIL-ow', 'v2')	0.690911499735	22644
g	d	('SIL-ow', 'v2')	0.549894957983	3808
g	n	('SIL-ow', 'v2')	0.736432861433	18648
n	d	('SIL-ow', 'v2')	0.643779809221	10064
n	g	('SIL-ow', 'v2')	0.876447876448	6734
dh	hh	('SIL-ae', 'i1')	0.666666666667	12
dh	k	('SIL-ae', 'i1')	0.888888888889	36
dh	y	('SIL-ae', 'i1')	0.481481481481	432
hh	dh	('SIL-ae', 'i1')	0.733333333333	60
hh	k	('SIL-ae', 'i1')	1.0	12
hh	y	('SIL-ae', 'i1')	0.520833333333	144
k	dh	('SIL-ae', 'i1')	0.7	90
k	hh	('SIL-ae', 'i1')	0.833333333333	6
k	y	('SIL-ae', 'i1')	0.458333333333	216
y	dh	('SIL-ae', 'i1')	0.625925925926	270
y	hh	('SIL-ae', 'i1')	0.666666666667	18
y	k	('SIL-ae', 'i1')	0.851851851852	54
k	t	('s-r', 'f1')	0.633485888635	10488
t	k	('s-r', 'f1')	0.767909356725	8208
d	g	('SIL-aa', 'd1')	0.529438405797	4416
d	m	('SIL-aa', 'd1')	0.672373670213	18048
d	w	('SIL-aa', 'd1')	0.467261904762	336
g	d	('SIL-aa', 'd1')	0.642113095238	1344
g	m	('SIL-aa', 'd1')	0.730164007092	54144
g	w	('SIL-aa', 'd1')	0.59623015873	1008
m	d	('SIL-aa', 'd1')	0.748139880952	2688
m	g	('SIL-aa', 'd1')	0.705200785024	26496
m	w	('SIL-aa', 'd1')	0.488591269841	2016
w	d	('SIL-aa', 'd1')	0.719387755102	392
w	g	('SIL-aa', 'd1')	0.729554865424	3864
w	m	('SIL-aa', 'd1')	0.61056231003	15792
k	t	('ay-SIL', 's2')	0.467669172932	2660
t	k	('ay-SIL', 's2')	0.563095238095	840
dh	t	('k-ax', 'j1')	0.833333333333	6
dh	t	('SIL-ax', 'v2')	0.670881226054	2610
t	dh	('SIL-ax', 'v2')	0.533620689655	8120
f	g	('SIL-r', 'v1')	0.660256410256	156
ng	s	('ax-SIL', 's3')	1.0	4
s	ng	('ax-SIL', 's3')	1.0	4
t	v	('ae-SIL', 's3')	0.9	10
v	t	('ae-SIL', 's3')	0.725	40
k	n	('ih-ax', 'd1')	0.907669815565	26676
k	t	('ih-ax', 'd1')	0.612800122084	353856
n	k	('ih-ax', 'd1')	0.927348401033	37962
n	t	('ih-ax', 'd1')	0.53173125875	251424
t	k	('ih-ax', 'd1')	0.793015207285	136382
t	n	('ih-ax', 'd1')	0.734793080154	68094
k	n	('ih-ax', 'c1')	0.862712848297	20672
k	t	('ih-ax', 'c1')	0.715927177781	894672
n	k	('ih-ax', 'c1')	0.902683178535	96900
n	t	('ih-ax', 'c1')	0.45000099938	200124
t	k	('ih-ax', 'c1')	0.904468050861	621300
t	n	('ih-ax', 'c1')	0.72298300054	29648
b	hh	('SIL-iy', 's2')	1.0	56
b	s	('SIL-iy', 's2')	0.641951345756	15456
hh	b	('SIL-iy', 's2')	0.31746031746	1512
hh	s	('SIL-iy', 's2')	0.48097826087	1104
s	b	('SIL-iy', 's2')	0.562885802469	18144
s	hh	('SIL-iy', 's2')	1.0	48
d	w	('ax-ey', 'w3')	0.696886446886	1092
w	d	('ax-ey', 'w3')	0.60989010989	546
b	g	('SIL-ih', 'q1')	0.554761904762	1260
b	hh	('SIL-ih', 'q1')	0.758333333333	120
ch	b	('SIL-ih', 'q1')	0.633333333333	30
ch	g	('SIL-ih', 'q1')	0.614285714286	210
ch	hh	('SIL-ih', 'q1')	1.0	20
g	b	('SIL-ih', 'q1')	0.453333333333	450
g	hh	('SIL-ih', 'q1')	0.803333333333	300
hh	b	('SIL-ih', 'q1')	0.266666666667	150
hh	g	('SIL-ih', 'q1')	0.493333333333	1050
s	b	('SIL-ih', 'q1')	0.433333333333	30
s	g	('SIL-ih', 'q1')	0.357142857143	210
s	hh	('SIL-ih', 'q1')	0.7	20
th	b	('SIL-ih', 'q1')	0.433333333333	30
th	g	('SIL-ih', 'q1')	0.633333333333	210
th	hh	('SIL-ih', 'q1')	0.95	20
n	r	('aa-t', 's2')	0.68663761801	11016
r	n	('aa-t', 's2')	0.645855379189	22680
d	g	('SIL-ow', 's1')	0.508002645503	15120
d	n	('SIL-ow', 's1')	0.65873015873	5544
g	d	('SIL-ow', 's1')	0.613846801347	4752
g	n	('SIL-ow', 's1')	0.749218374218	16632
n	d	('SIL-ow', 's1')	0.502066115702	2904
n	g	('SIL-ow', 's1')	0.532647907648	27720
f	g	('SIL-r', 's2')	0.671717171717	792
g	f	('SIL-r', 's2')	0.938888888889	360
b	l	('SIL-ay', 'm2')	0.25	8
l	b	('SIL-ay', 'm2')	1.0	24
t	b	('SIL-ay', 'm2')	1.0	12
t	l	('SIL-ay', 'm2')	0.0	2
b	hh	('SIL-ah', 'q1')	0.208333333333	24
b	k	('SIL-ah', 'q1')	0.743055555556	144
b	w	('SIL-ah', 'q1')	0.763888888889	144
hh	b	('SIL-ah', 'q1')	0.875	8
hh	k	('SIL-ah', 'q1')	0.829861111111	288
hh	w	('SIL-ah', 'q1')	0.770833333333	288
jh	b	('SIL-ah', 'q1')	1.0	2
jh	hh	('SIL-ah', 'q1')	0.416666666667	12
jh	k	('SIL-ah', 'q1')	0.75	72
jh	w	('SIL-ah', 'q1')	0.736111111111	72
k	b	('SIL-ah', 'q1')	1.0	18
k	hh	('SIL-ah', 'q1')	0.351851851852	108
k	w	('SIL-ah', 'q1')	0.618827160494	648
w	b	('SIL-ah', 'q1')	1.0	18
w	hh	('SIL-ah', 'q1')	0.472222222222	108
w	k	('SIL-ah', 'q1')	0.793209876543	648
dh	l	('SIL-eh', 'i1')	0.507575757576	1452
dh	w	('SIL-eh', 'i1')	0.80303030303	462
dh	y	('SIL-eh', 'i1')	0.628045157457	3366
g	dh	('SIL-eh', 'i1')	0.845454545455	110
g	l	('SIL-eh', 'i1')	0.840909090909	132
g	w	('SIL-eh', 'i1')	0.904761904762	42
g	y	('SIL-eh', 'i1')	0.882352941176	306
l	dh	('SIL-eh', 'i1')	0.657575757576	1320
l	w	('SIL-eh', 'i1')	0.676587301587	504
l	y	('SIL-eh', 'i1')	0.69825708061	3672
t	dh	('SIL-eh', 'i1')	0.345454545455	110
t	l	('SIL-eh', 'i1')	0.393939393939	132
t	w	('SIL-eh', 'i1')	0.619047619048	42
t	y	('SIL-eh', 'i1')	0.56862745098	306
w	dh	('SIL-eh', 'i1')	0.677922077922	770
w	l	('SIL-eh', 'i1')	0.418831168831	924
w	y	('SIL-eh', 'i1')	0.707282913165	2142
y	dh	('SIL-eh', 'i1')	0.631313131313	1980
y	l	('SIL-eh', 'i1')	0.533249158249	2376
y	w	('SIL-eh', 'i1')	0.776455026455	756
dh	t	('SIL-ax', 's1')	0.685705128205	31200
t	dh	('SIL-ax', 's1')	0.62416462084	58656
k	t	('s-r', 'w1')	0.601315789474	1520
t	k	('s-r', 'w1')	0.583333333333	240
d	g	('SIL-ow', 'i1')	0.605194805195	770
d	n	('SIL-ow', 'i1')	0.69387755102	392
g	d	('SIL-ow', 'i1')	0.582251082251	462
g	n	('SIL-ow', 'i1')	0.612012987013	616
n	d	('SIL-ow', 'i1')	0.770833333333	336
n	g	('SIL-ow', 'i1')	0.745454545455	880
b	hh	('SIL-ah', 'f1')	0.721265032377	17296
b	jh	('SIL-ah', 'f1')	0.821875	1920
b	k	('SIL-ah', 'f1')	0.541125541126	3696
b	w	('SIL-ah', 'f1')	0.669661733615	15136
hh	b	('SIL-ah', 'f1')	0.54103343465	2632
hh	jh	('SIL-ah', 'f1')	0.763120567376	11280
hh	k	('SIL-ah', 'f1')	0.415354149397	21714
hh	w	('SIL-ah', 'f1')	0.776314605731	88924
jh	b	('SIL-ah', 'f1')	0.796875	896
jh	hh	('SIL-ah', 'f1')	0.858406567993	34592
jh	k	('SIL-ah', 'f1')	0.726866883117	7392
jh	w	('SIL-ah', 'f1')	0.827893763214	30272
k	b	('SIL-ah', 'f1')	0.669642857143	1232
k	hh	('SIL-ah', 'f1')	0.751597847111	47564
k	jh	('SIL-ah', 'f1')	0.802462121212	5280
k	w	('SIL-ah', 'f1')	0.822818566212	41624
w	b	('SIL-ah', 'f1')	0.623376623377	2464
w	hh	('SIL-ah', 'f1')	0.824037086872	95128
w	jh	('SIL-ah', 'f1')	0.724810606061	10560
w	k	('SIL-ah', 'f1')	0.678423848878	20328
dh	t	('k-ax', 'q1')	0.0	2
d	n	('SIL-ow', 'm2')	0.520833333333	816
g	d	('SIL-ow', 'm2')	1.0	6
g	n	('SIL-ow', 'm2')	0.683823529412	272
n	d	('SIL-ow', 'm2')	0.71568627451	102
d	w	('ax-ey', 'v1')	0.897813360882	11616
w	d	('ax-ey', 'v1')	0.797520661157	3630
t	v	('ae-SIL', 'f1')	0.568376068376	3744
v	t	('ae-SIL', 'f1')	0.490663322185	7176
d	g	('SIL-aa', 's2')	0.42203525641	12480
d	m	('SIL-aa', 's2')	0.586503623188	4416
d	w	('SIL-aa', 's2')	0.481060606061	1056
g	d	('SIL-aa', 's2')	0.697767857143	2240
g	m	('SIL-aa', 's2')	0.73777173913	22080
g	w	('SIL-aa', 's2')	0.697537878788	5280
m	d	('SIL-aa', 's2')	0.799107142857	1344
m	g	('SIL-aa', 's2')	0.684054487179	37440
m	w	('SIL-aa', 's2')	0.511363636364	3168
w	d	('SIL-aa', 's2')	0.703869047619	672
w	g	('SIL-aa', 's2')	0.645138888889	18720
w	m	('SIL-aa', 's2')	0.521437198068	6624
d	w	('ax-ey', 's1')	0.803478530942	51516
w	d	('ax-ey', 's1')	0.837751149843	16524
f	g	('SIL-r', 'd1')	0.515625	2880
g	f	('SIL-r', 'd1')	0.635416666667	2112
b	l	('SIL-ay', 's2')	0.680555555556	720
b	t	('SIL-ay', 's2')	0.723557692308	1248
l	b	('SIL-ay', 's2')	0.851785714286	560
l	t	('SIL-ay', 's2')	0.953205128205	1560
t	b	('SIL-ay', 's2')	0.822802197802	728
t	l	('SIL-ay', 's2')	0.807692307692	1170
k	t	('s-r', 'j1')	0.769230769231	156
b	hh	('SIL-ah', 'w3')	0.933333333333	30
b	jh	('SIL-ah', 'w3')	0.593434343434	1980
b	k	('SIL-ah', 'w3')	0.819047619048	3150
b	w	('SIL-ah', 'w3')	0.551827956989	13950
hh	b	('SIL-ah', 'w3')	0.695238095238	420
hh	jh	('SIL-ah', 'w3')	0.625	264
hh	k	('SIL-ah', 'w3')	0.764285714286	420
hh	w	('SIL-ah', 'w3')	0.504838709677	1860
jh	b	('SIL-ah', 'w3')	0.818650793651	2520
jh	hh	('SIL-ah', 'w3')	1.0	24
jh	k	('SIL-ah', 'w3')	0.874603174603	2520
jh	w	('SIL-ah', 'w3')	0.834229390681	11160
k	b	('SIL-ah', 'w3')	0.78253968254	3150
k	hh	('SIL-ah', 'w3')	0.966666666667	30
k	jh	('SIL-ah', 'w3')	0.680808080808	1980
k	w	('SIL-ah', 'w3')	0.792258064516	13950
w	b	('SIL-ah', 'w3')	0.581566820276	6510
w	hh	('SIL-ah', 'w3')	0.709677419355	62
w	jh	('SIL-ah', 'w3')	0.652248289345	4092
w	k	('SIL-ah', 'w3')	0.814132104455	6510
b	ch	('SIL-ih', 'w3')	1.0	260
b	g	('SIL-ih', 'w3')	0.490842490842	546
b	hh	('SIL-ih', 'w3')	0.647928994083	2028
b	s	('SIL-ih', 'w3')	0.964743589744	936
b	th	('SIL-ih', 'w3')	0.885780885781	1716
ch	b	('SIL-ih', 'w3')	0.939743589744	780
ch	g	('SIL-ih', 'w3')	0.742857142857	210
ch	hh	('SIL-ih', 'w3')	0.730769230769	780
ch	s	('SIL-ih', 'w3')	0.769444444444	360
ch	th	('SIL-ih', 'w3')	0.778787878788	660
g	b	('SIL-ih', 'w3')	0.667582417582	1092
g	ch	('SIL-ih', 'w3')	0.985714285714	140
g	hh	('SIL-ih', 'w3')	0.65293040293	1092
g	s	('SIL-ih', 'w3')	0.922619047619	504
g	th	('SIL-ih', 'w3')	0.781385281385	924
hh	b	('SIL-ih', 'w3')	0.80325443787	2028
hh	ch	('SIL-ih', 'w3')	0.984615384615	260
hh	g	('SIL-ih', 'w3')	0.701465201465	546
hh	s	('SIL-ih', 'w3')	0.84188034188	936
hh	th	('SIL-ih', 'w3')	0.815268065268	1716
s	b	('SIL-ih', 'w3')	0.85113960114	1404
s	ch	('SIL-ih', 'w3')	0.811111111111	180
s	g	('SIL-ih', 'w3')	0.687830687831	378
s	hh	('SIL-ih', 'w3')	0.459401709402	1404
s	th	('SIL-ih', 'w3')	0.548821548822	1188
th	b	('SIL-ih', 'w3')	0.776175213675	1872
th	ch	('SIL-ih', 'w3')	0.925	240
th	g	('SIL-ih', 'w3')	0.553571428571	504
th	hh	('SIL-ih', 'w3')	0.448183760684	1872
th	s	('SIL-ih', 'w3')	0.606481481481	864
k	t	('ih-ax', 'f2')	0.681521093286	3366
n	k	('ih-ax', 'f2')	0.390909090909	110
n	t	('ih-ax', 'f2')	0.225490196078	306
t	k	('ih-ax', 'f2')	0.619191919192	1980
r	n	('aa-t', 'q1')	0.3	30
k	t	('ay-SIL', 'i1')	0.404761904762	336
t	k	('ay-SIL', 'i1')	0.695833333333	240
b	hh	('SIL-iy', 'c1')	0.395833333333	96
b	s	('SIL-iy', 'c1')	0.524485930736	7392
hh	b	('SIL-iy', 'c1')	0.526388888889	720
hh	s	('SIL-iy', 'c1')	0.608225108225	1386
s	b	('SIL-iy', 'c1')	0.448674242424	5280
s	hh	('SIL-iy', 'c1')	0.454545454545	132
dh	t	('k-ax', 'm2')	0.366666666667	30
t	dh	('k-ax', 'm2')	0.683333333333	60
d	g	('SIL-ow', 'v1')	0.503823661718	4446
d	n	('SIL-ow', 'v1')	0.574946792338	6578
g	d	('SIL-ow', 'v1')	0.607962213225	2964
g	n	('SIL-ow', 'v1')	0.735385895569	9614
n	d	('SIL-ow', 'v1')	0.4997212932	3588
n	g	('SIL-ow', 'v1')	0.547292143402	7866
b	k	('SIL-ah', 's3')	0.675	40
b	w	('SIL-ah', 's3')	0.77380952381	84
hh	b	('SIL-ah', 's3')	0.0	2
hh	k	('SIL-ah', 's3')	0.45	20
hh	w	('SIL-ah', 's3')	0.714285714286	42
jh	b	('SIL-ah', 's3')	0.5	2
jh	k	('SIL-ah', 's3')	0.55	20
jh	w	('SIL-ah', 's3')	0.785714285714	42
k	b	('SIL-ah', 's3')	0.1	10
k	w	('SIL-ah', 's3')	0.67619047619	210
w	b	('SIL-ah', 's3')	0.142857142857	14
w	k	('SIL-ah', 's3')	0.692857142857	140
dh	hh	('SIL-ae', 'q1')	1.0	16
dh	k	('SIL-ae', 'q1')	0.70625	160
hh	dh	('SIL-ae', 'q1')	0.973214285714	112
hh	k	('SIL-ae', 'q1')	0.7	40
k	dh	('SIL-ae', 'q1')	0.825	280
k	hh	('SIL-ae', 'q1')	0.9	10
y	dh	('SIL-ae', 'q1')	0.946428571429	56
y	hh	('SIL-ae', 'q1')	1.0	2
y	k	('SIL-ae', 'q1')	0.25	20
k	t	('s-r', 'q1')	0.738425925926	432
t	k	('s-r', 'q1')	0.766666666667	270
dh	t	('SIL-ax', 'd1')	0.618226600985	66584
t	dh	('SIL-ax', 'd1')	0.488562854977	192618
k	t	('s-r', 'c1')	0.582051282051	7020
t	k	('s-r', 'c1')	0.772427983539	2430
dh	g	('SIL-eh', 'f1')	0.548100490196	6528
dh	l	('SIL-eh', 'f1')	0.571180555556	1728
dh	t	('SIL-eh', 'f1')	0.564351851852	2160
dh	w	('SIL-eh', 'f1')	0.552083333333	3744
dh	y	('SIL-eh', 'f1')	0.491666666667	480
g	dh	('SIL-eh', 'f1')	0.612745098039	9384
g	l	('SIL-eh', 'f1')	0.732026143791	1224
g	t	('SIL-eh', 'f1')	0.608496732026	1530
g	w	('SIL-eh', 'f1')	0.660256410256	2652
g	y	('SIL-eh', 'f1')	0.544117647059	340
l	dh	('SIL-eh', 'f1')	0.561392914654	4968
l	g	('SIL-eh', 'f1')	0.666666666667	2448
l	t	('SIL-eh', 'f1')	0.596296296296	810
l	w	('SIL-eh', 'f1')	0.523504273504	1404
l	y	('SIL-eh', 'f1')	0.555555555556	180
t	dh	('SIL-eh', 'f1')	0.56865942029	5520
t	g	('SIL-eh', 'f1')	0.549264705882	2720
t	l	('SIL-eh', 'f1')	0.636111111111	720
t	w	('SIL-eh', 'f1')	0.555128205128	1560
t	y	('SIL-eh', 'f1')	0.585	200
w	dh	('SIL-eh', 'f1')	0.571627647715	7176
w	g	('SIL-eh', 'f1')	0.632070135747	3536
w	l	('SIL-eh', 'f1')	0.566239316239	936
w	t	('SIL-eh', 'f1')	0.55641025641	1170
w	y	('SIL-eh', 'f1')	0.519230769231	260
y	dh	('SIL-eh', 'f1')	0.634057971014	2760
y	g	('SIL-eh', 'f1')	0.664705882353	1360
y	l	('SIL-eh', 'f1')	0.777777777778	360
y	t	('SIL-eh', 'f1')	0.704444444444	450
y	w	('SIL-eh', 'f1')	0.619230769231	780
f	g	('SIL-r', 'm2')	0.5	2
f	g	('SIL-r', 'v2')	0.333333333333	6
g	f	('SIL-r', 'v2')	0.5	12
f	g	('SIL-r', 'i1')	0.6	40
g	f	('SIL-r', 'i1')	0.3	10
ng	s	('ax-SIL', 's2')	0.942193675889	8096
s	ng	('ax-SIL', 's2')	0.815760869565	5520
b	s	('SIL-iy', 's3')	0.166666666667	6
hh	s	('SIL-iy', 's3')	0.333333333333	6
k	t	('s-r', 'v2')	0.816666666667	60
t	k	('s-r', 'v2')	0.666666666667	12
d	g	('SIL-ow', 's2')	0.395636527215	8892
d	n	('SIL-ow', 's2')	0.500833333333	3600
g	d	('SIL-ow', 's2')	0.778632478632	1170
g	n	('SIL-ow', 's2')	0.719273504274	23400
n	d	('SIL-ow', 's2')	0.773333333333	750
n	g	('SIL-ow', 's2')	0.668717948718	37050
n	r	('aa-t', 'f2')	0.0	12
r	n	('aa-t', 'f2')	0.683333333333	60
f	g	('SIL-r', 's1')	0.653996101365	2052
g	f	('SIL-r', 's1')	0.926315789474	570
ng	s	('ax-SIL', 'v1')	0.902298850575	9744
s	ng	('ax-SIL', 'v1')	0.82183908046	3828
ng	s	('ax-SIL', 'm2')	0.666666666667	6
s	ng	('ax-SIL', 'm2')	0.833333333333	12
dh	g	('SIL-eh', 'j1')	0.607692307692	3120
dh	l	('SIL-eh', 'j1')	0.472527472527	546
dh	t	('SIL-eh', 'j1')	0.778388278388	546
dh	w	('SIL-eh', 'j1')	0.775961538462	3120
dh	y	('SIL-eh', 'j1')	0.575506072874	4940
g	dh	('SIL-eh', 'j1')	0.544070512821	2496
g	l	('SIL-eh', 'j1')	0.571428571429	672
g	t	('SIL-eh', 'j1')	0.797619047619	672
g	w	('SIL-eh', 'j1')	0.911979166667	3840
g	y	('SIL-eh', 'j1')	0.59375	6080
l	dh	('SIL-eh', 'j1')	0.526556776557	1092
l	g	('SIL-eh', 'j1')	0.671428571429	1680
l	t	('SIL-eh', 'j1')	0.874149659864	294
l	w	('SIL-eh', 'j1')	0.767261904762	1680
l	y	('SIL-eh', 'j1')	0.565413533835	2660
t	dh	('SIL-eh', 'j1')	0.601648351648	1092
t	g	('SIL-eh', 'j1')	0.68869047619	1680
t	l	('SIL-eh', 'j1')	0.602040816327	294
t	w	('SIL-eh', 'j1')	0.929761904762	1680
t	y	('SIL-eh', 'j1')	0.732706766917	2660
w	dh	('SIL-eh', 'j1')	0.607371794872	2496
w	g	('SIL-eh', 'j1')	0.795833333333	3840
w	l	('SIL-eh', 'j1')	0.479166666667	672
w	t	('SIL-eh', 'j1')	0.9375	672
w	y	('SIL-eh', 'j1')	0.685690789474	6080
y	dh	('SIL-eh', 'j1')	0.460897435897	3120
y	g	('SIL-eh', 'j1')	0.500625	4800
y	l	('SIL-eh', 'j1')	0.391666666667	840
y	t	('SIL-eh', 'j1')	0.770238095238	840
y	w	('SIL-eh', 'j1')	0.765625	4800
k	n	('ih-ax', 's3')	1.0	2
k	t	('ih-ax', 's3')	0.560606060606	132
n	t	('ih-ax', 's3')	0.492424242424	264
t	n	('ih-ax', 's3')	0.916666666667	24
ng	s	('ax-SIL', 'd1')	0.842108262108	17550
s	ng	('ax-SIL', 'd1')	0.854317335087	18252
dh	t	('k-ax', 'v1')	0.601111111111	900
t	dh	('k-ax', 'v1')	0.735555555556	900
m	n	('aa-ax', 'j1')	0.502489458788	173130
m	t	('aa-ax', 'j1')	0.509517283387	26268
n	m	('aa-ax', 'j1')	0.57455712908	1182060
n	t	('aa-ax', 'j1')	0.524494949495	3960
t	m	('aa-ax', 'j1')	0.664748405326	472824
t	n	('aa-ax', 'j1')	0.594252873563	10440
d	w	('ax-ey', 'c1')	0.910902503294	6072
w	d	('ax-ey', 'c1')	0.861330698287	3036
dh	hh	('SIL-ae', 's1')	0.594381313131	63360
dh	k	('SIL-ae', 's1')	0.83732568601	88920
dh	y	('SIL-ae', 's1')	0.55877394636	52200
hh	dh	('SIL-ae', 's1')	0.604982023626	116820
hh	k	('SIL-ae', 's1')	0.80990062569	48906
hh	y	('SIL-ae', 's1')	0.654266805991	28710
k	dh	('SIL-ae', 's1')	0.700021729683	138060
k	hh	('SIL-ae', 's1')	0.614219114219	41184
k	y	('SIL-ae', 's1')	0.576363100501	33930
y	dh	('SIL-ae', 's1')	0.503229755179	106200
y	hh	('SIL-ae', 's1')	0.592929292929	31680
y	k	('SIL-ae', 's1')	0.688529014845	44460
b	hh	('SIL-ah', 'f2')	0.559523809524	84
b	jh	('SIL-ah', 'f2')	1.0	24
b	k	('SIL-ah', 'f2')	0.65	180
b	w	('SIL-ah', 'f2')	0.325	40
hh	b	('SIL-ah', 'f2')	0.428571428571	14
hh	jh	('SIL-ah', 'f2')	0.77380952381	84
hh	k	('SIL-ah', 'f2')	0.739682539683	630
hh	w	('SIL-ah', 'f2')	0.528571428571	140
jh	b	('SIL-ah', 'f2')	1.0	8
jh	hh	('SIL-ah', 'f2')	0.702380952381	168
jh	k	('SIL-ah', 'f2')	0.944444444444	360
jh	w	('SIL-ah', 'f2')	0.7	80
k	b	('SIL-ah', 'f2')	0.6	20
k	hh	('SIL-ah', 'f2')	0.580952380952	420
k	jh	('SIL-ah', 'f2')	0.983333333333	120
k	w	('SIL-ah', 'f2')	0.715	200
w	b	('SIL-ah', 'f2')	0.3	10
w	hh	('SIL-ah', 'f2')	0.561904761905	210
w	jh	('SIL-ah', 'f2')	0.783333333333	60
w	k	('SIL-ah', 'f2')	0.86	450
ng	s	('ax-SIL', 'f2')	1.0	8
s	ng	('ax-SIL', 'f2')	1.0	24
b	hh	('SIL-iy', 'w1')	0.580086580087	924
b	s	('SIL-iy', 'w1')	0.539915966387	1904
hh	b	('SIL-iy', 'w1')	0.708333333333	504
hh	s	('SIL-iy', 'w1')	0.551776960784	3264
s	b	('SIL-iy', 'w1')	0.572829131653	714
s	hh	('SIL-iy', 'w1')	0.54679144385	2244
ng	s	('ax-SIL', 'j1')	0.757671957672	3780
s	ng	('ax-SIL', 'j1')	0.618386243386	1512
d	g	('SIL-aa', 'i1')	0.366666666667	30
d	m	('SIL-aa', 'i1')	1.0	6
d	w	('SIL-aa', 'i1')	0.666666666667	30
g	m	('SIL-aa', 'i1')	1.0	36
g	w	('SIL-aa', 'i1')	0.694444444444	180
m	g	('SIL-aa', 'i1')	0.677777777778	90
m	w	('SIL-aa', 'i1')	0.477777777778	90
w	g	('SIL-aa', 'i1')	0.688888888889	180
w	m	('SIL-aa', 'i1')	0.833333333333	36
d	g	('SIL-aa', 's3')	0.458333333333	24
d	m	('SIL-aa', 's3')	0.964285714286	84
g	d	('SIL-aa', 's3')	0.5	8
g	m	('SIL-aa', 's3')	0.928571428571	168
m	d	('SIL-aa', 's3')	0.928571428571	14
m	g	('SIL-aa', 's3')	0.666666666667	84
w	d	('SIL-aa', 's3')	1.0	2
w	g	('SIL-aa', 's3')	1.0	12
w	m	('SIL-aa', 's3')	1.0	42
b	hh	('SIL-ah', 'd1')	0.636820330969	3384
b	jh	('SIL-ah', 'd1')	0.743498817967	4230
b	k	('SIL-ah', 'd1')	0.5155342027	43710
b	w	('SIL-ah', 'd1')	0.583551408958	52734
hh	b	('SIL-ah', 'd1')	0.806814677767	19458
hh	jh	('SIL-ah', 'd1')	0.837037037037	810
hh	k	('SIL-ah', 'd1')	0.486618876941	8370
hh	w	('SIL-ah', 'd1')	0.769855416914	10098
jh	b	('SIL-ah', 'd1')	0.90420906568	21620
jh	hh	('SIL-ah', 'd1')	0.872222222222	720
jh	k	('SIL-ah', 'd1')	0.78752688172	9300
jh	w	('SIL-ah', 'd1')	0.751426024955	11220
k	b	('SIL-ah', 'd1')	0.844170570857	67022
k	hh	('SIL-ah', 'd1')	0.670698924731	2232
k	jh	('SIL-ah', 'd1')	0.854121863799	2790
k	w	('SIL-ah', 'd1')	0.796935196366	34782
w	b	('SIL-ah', 'd1')	0.829052620123	73508
w	hh	('SIL-ah', 'd1')	0.824346405229	2448
w	jh	('SIL-ah', 'd1')	0.775490196078	3060
w	k	('SIL-ah', 'd1')	0.707242251739	31620
dh	g	('SIL-eh', 'c1')	0.702798663325	28728
dh	l	('SIL-eh', 'c1')	0.537011132482	68628
dh	t	('SIL-eh', 'c1')	0.824176669745	12996
dh	w	('SIL-eh', 'c1')	0.720112781955	15960
dh	y	('SIL-eh', 'c1')	0.63126566416	15960
g	dh	('SIL-eh', 'c1')	0.609301971144	39368
g	l	('SIL-eh', 'c1')	0.682645151084	50568
g	t	('SIL-eh', 'c1')	0.859126984127	9576
g	w	('SIL-eh', 'c1')	0.79362244898	11760
g	y	('SIL-eh', 'c1')	0.629931972789	11760
l	dh	('SIL-eh', 'c1')	0.598382348076	60458
l	g	('SIL-eh', 'c1')	0.834717607973	32508
l	t	('SIL-eh', 'c1')	0.857813137495	14706
l	w	('SIL-eh', 'c1')	0.680509413068	18060
l	y	('SIL-eh', 'c1')	0.732225913621	18060
t	dh	('SIL-eh', 'c1')	0.586770981508	26714
t	g	('SIL-eh', 'c1')	0.751740462267	14364
t	l	('SIL-eh', 'c1')	0.582123914437	34314
t	w	('SIL-eh', 'c1')	0.697368421053	7980
t	y	('SIL-eh', 'c1')	0.748496240602	7980
w	dh	('SIL-eh', 'c1')	0.418410892095	29526
w	g	('SIL-eh', 'c1')	0.638951877047	15876
w	l	('SIL-eh', 'c1')	0.322259136213	37926
w	t	('SIL-eh', 'c1')	0.64940128098	7182
w	y	('SIL-eh', 'c1')	0.628117913832	8820
y	dh	('SIL-eh', 'c1')	0.588566009619	29526
y	g	('SIL-eh', 'c1')	0.712962962963	15876
y	l	('SIL-eh', 'c1')	0.639561250857	37926
y	t	('SIL-eh', 'c1')	0.89209133946	7182
y	w	('SIL-eh', 'c1')	0.801700680272	8820
k	t	('ay-SIL', 'w1')	0.625850340136	882
t	k	('ay-SIL', 'w1')	0.566326530612	2940
d	g	('SIL-ow', 't1')	0.512613730356	4836
d	n	('SIL-ow', 't1')	0.627026294389	36890
g	d	('SIL-ow', 't1')	0.553019023987	12090
g	n	('SIL-ow', 't1')	0.692243051067	15470
n	d	('SIL-ow', 't1')	0.489216589862	32550
n	g	('SIL-ow', 't1')	0.518864468864	5460
b	ch	('SIL-ih', 'd1')	0.58356918239	12720
b	g	('SIL-ih', 'd1')	0.494339622642	1590
b	hh	('SIL-ih', 'd1')	0.519241764525	227370
b	s	('SIL-ih', 'd1')	0.56388613042	18126
b	th	('SIL-ih', 'd1')	0.488881401617	2968
ch	b	('SIL-ih', 'd1')	0.685300253991	44096
ch	g	('SIL-ih', 'd1')	0.625	480
ch	hh	('SIL-ih', 'd1')	0.622494172494	68640
ch	s	('SIL-ih', 'd1')	0.699926900585	5472
ch	th	('SIL-ih', 'd1')	0.592633928571	896
g	b	('SIL-ih', 'd1')	0.621673923561	16536
g	ch	('SIL-ih', 'd1')	0.609722222222	1440
g	hh	('SIL-ih', 'd1')	0.449533799534	25740
g	s	('SIL-ih', 'd1')	0.662280701754	2052
g	th	('SIL-ih', 'd1')	0.482142857143	336
hh	b	('SIL-ih', 'd1')	0.683401504156	181896
hh	ch	('SIL-ih', 'd1')	0.700063131313	15840
hh	g	('SIL-ih', 'd1')	0.538383838384	1980
hh	s	('SIL-ih', 'd1')	0.725943646996	22572
hh	th	('SIL-ih', 'd1')	0.5670995671	3696
s	b	('SIL-ih', 'd1')	0.489439309449	52364
s	ch	('SIL-ih', 'd1')	0.565570175439	4560
s	g	('SIL-ih', 'd1')	0.480701754386	570
s	hh	('SIL-ih', 'd1')	0.497889829469	81510
s	th	('SIL-ih', 'd1')	0.399436090226	1064
th	b	('SIL-ih', 'd1')	0.611574746009	22048
th	ch	('SIL-ih', 'd1')	0.6390625	1920
th	g	('SIL-ih', 'd1')	0.479166666667	240
th	hh	('SIL-ih', 'd1')	0.469055944056	34320
th	s	('SIL-ih', 'd1')	0.595394736842	2736
dh	hh	('SIL-ae', 'w1')	0.717527599836	14674
dh	k	('SIL-ae', 'w1')	0.806461895103	34510
dh	y	('SIL-ae', 'w1')	0.61388384755	11020
hh	dh	('SIL-ae', 'w1')	0.557346326837	18676
hh	k	('SIL-ae', 'w1')	0.72049689441	27370
hh	y	('SIL-ae', 'w1')	0.730434782609	8740
k	dh	('SIL-ae', 'w1')	0.533286418015	28420
k	hh	('SIL-ae', 'w1')	0.680858272163	17710
k	y	('SIL-ae', 'w1')	0.74977443609	13300
y	dh	('SIL-ae', 'w1')	0.470443349754	16240
y	hh	('SIL-ae', 'w1')	0.760079051383	10120
y	k	('SIL-ae', 'w1')	0.895462184874	23800
k	n	('ih-ax', 'w1')	0.838293650794	12096
k	t	('ih-ax', 'w1')	0.754367907801	2256000
n	k	('ih-ax', 'w1')	0.936011904762	6720
n	t	('ih-ax', 'w1')	0.60048733536	3948000
t	k	('ih-ax', 'w1')	0.887976507092	90240
t	n	('ih-ax', 'w1')	0.654445288754	284256
k	t	('ay-SIL', 'v1')	0.588571428571	2100
t	k	('ay-SIL', 'v1')	0.575555555556	1350
m	n	('aa-ax', 'w1')	0.435561833019	31860
m	t	('aa-ax', 'w1')	0.371373836891	7308
n	m	('aa-ax', 'w1')	0.650925925926	4320
n	t	('aa-ax', 'w1')	0.625513136289	48720
t	m	('aa-ax', 'w1')	0.755268199234	2088
t	n	('aa-ax', 'w1')	0.749405805572	102660
d	g	('SIL-ow', 'j1')	0.444444444444	180
d	n	('SIL-ow', 'j1')	0.688644688645	1638
g	d	('SIL-ow', 'j1')	0.65	360
g	n	('SIL-ow', 'j1')	0.791208791209	910
n	d	('SIL-ow', 'j1')	0.634920634921	1008
n	g	('SIL-ow', 'j1')	0.503571428571	280
b	hh	('SIL-ah', 's2')	0.711971087017	179850
b	jh	('SIL-ah', 's2')	0.702358974359	9750
b	k	('SIL-ah', 's2')	0.855555555556	450
b	w	('SIL-ah', 's2')	0.614804964539	33840
hh	b	('SIL-ah', 's2')	0.678138528139	23100
hh	jh	('SIL-ah', 's2')	0.732909090909	71500
hh	k	('SIL-ah', 's2')	0.632424242424	3300
hh	w	('SIL-ah', 's2')	0.688898291425	248160
jh	b	('SIL-ah', 's2')	0.901282051282	5460
jh	hh	('SIL-ah', 's2')	0.914868159364	311740
jh	k	('SIL-ah', 's2')	0.957692307692	780
jh	w	('SIL-ah', 's2')	0.895083196945	58656
k	b	('SIL-ah', 's2')	0.872222222222	1260
k	hh	('SIL-ah', 's2')	0.70483736447	71940
k	jh	('SIL-ah', 's2')	0.760769230769	3900
k	w	('SIL-ah', 's2')	0.838356973995	13536
w	b	('SIL-ah', 's2')	0.744444444444	10080
w	hh	('SIL-ah', 's2')	0.809327217125	575520
w	jh	('SIL-ah', 's2')	0.818493589744	31200
w	k	('SIL-ah', 's2')	0.949305555556	1440
m	n	('aa-ax', 'v2')	0.378478523896	26448
m	t	('aa-ax', 'v2')	0.542371553885	25536
n	m	('aa-ax', 'v2')	0.555726600985	3248
n	t	('aa-ax', 'v2')	0.623309350964	185136
t	m	('aa-ax', 'v2')	0.644423558897	3192
t	n	('aa-ax', 'v2')	0.542893834708	188442
t	v	('ae-SIL', 'i1')	0.433333333333	30
v	t	('ae-SIL', 'i1')	0.55	60
t	v	('ae-SIL', 'd1')	0.697681704261	15960
v	t	('ae-SIL', 'd1')	0.476509872242	34440
b	hh	('SIL-ah', 'm2')	1.0	18
b	k	('SIL-ah', 'm2')	0.777777777778	18
b	w	('SIL-ah', 'm2')	0.327160493827	648
hh	b	('SIL-ah', 'm2')	0.826388888889	144
hh	k	('SIL-ah', 'm2')	0.75	4
hh	w	('SIL-ah', 'm2')	0.611111111111	144
jh	b	('SIL-ah', 'm2')	1.0	72
jh	hh	('SIL-ah', 'm2')	1.0	2
jh	k	('SIL-ah', 'm2')	1.0	2
jh	w	('SIL-ah', 'm2')	0.930555555556	72
k	b	('SIL-ah', 'm2')	0.854166666667	144
k	hh	('SIL-ah', 'm2')	1.0	4
k	w	('SIL-ah', 'm2')	0.715277777778	144
w	b	('SIL-ah', 'm2')	0.763888888889	648
w	hh	('SIL-ah', 'm2')	1.0	18
w	k	('SIL-ah', 'm2')	0.944444444444	18
ng	s	('ax-SIL', 'q1')	0.625	8
s	ng	('ax-SIL', 'q1')	0.25	24
dh	l	('SIL-eh', 's3')	0.5	12
g	l	('SIL-eh', 's3')	0.583333333333	12
t	l	('SIL-eh', 's3')	0.75	12
w	l	('SIL-eh', 's3')	0.916666666667	12
y	l	('SIL-eh', 's3')	0.5	12
dh	t	('k-ax', 'f1')	0.546031746032	1260
t	dh	('k-ax', 'f1')	0.577777777778	450
dh	t	('SIL-ax', 'c1')	0.660934744268	29484
t	dh	('SIL-ax', 'c1')	0.528340080972	41496
t	v	('ae-SIL', 's1')	0.668126825198	14382
v	t	('ae-SIL', 's1')	0.416152739233	38916
k	t	('ay-SIL', 'c1')	0.531189083821	3078
t	k	('ay-SIL', 'c1')	0.465643274854	1368
d	w	('ax-ey', 'w1')	0.837773998488	21168
w	d	('ax-ey', 'w1')	0.688869992441	21168
dh	t	('k-ax', 's2')	0.517857142857	504
t	dh	('k-ax', 's2')	0.661375661376	378
d	w	('ax-ey', 'i1')	0.834980237154	5060
w	d	('ax-ey', 'i1')	0.828985507246	2070
k	t	('s-r', 'm2')	0.721212121212	330
t	k	('s-r', 'm2')	0.954545454545	66
b	hh	('SIL-ah', 'c1')	0.760861823362	11232
b	jh	('SIL-ah', 'c1')	0.692269736842	6080
b	k	('SIL-ah', 'c1')	0.733317917548	30272
b	w	('SIL-ah', 'c1')	0.562346938776	39200
hh	b	('SIL-ah', 'c1')	0.659567901235	6480
hh	jh	('SIL-ah', 'c1')	0.798927875244	10260
hh	k	('SIL-ah', 'c1')	0.766208597604	51084
hh	w	('SIL-ah', 'c1')	0.603038548753	66150
jh	b	('SIL-ah', 'c1')	0.8275	4800
jh	hh	('SIL-ah', 'c1')	0.921011396011	14040
jh	k	('SIL-ah', 'c1')	0.896723044397	37840
jh	w	('SIL-ah', 'c1')	0.751285714286	49000
k	b	('SIL-ah', 'c1')	0.436268939394	10560
k	hh	('SIL-ah', 'c1')	0.636493136493	30888
k	jh	('SIL-ah', 'c1')	0.52793062201	16720
k	w	('SIL-ah', 'c1')	0.591020408163	107800
w	b	('SIL-ah', 'c1')	0.716	12000
w	hh	('SIL-ah', 'c1')	0.815014245014	35100
w	jh	('SIL-ah', 'c1')	0.779157894737	19000
w	k	('SIL-ah', 'c1')	0.846057082452	94600
d	g	('SIL-ow', 's3')	0.5	4
d	n	('SIL-ow', 's3')	0.533333333333	60
g	d	('SIL-ow', 's3')	0.5	4
g	n	('SIL-ow', 's3')	0.7	60
n	d	('SIL-ow', 's3')	0.666666666667	12
n	g	('SIL-ow', 's3')	0.416666666667	12
n	r	('aa-t', 'f1')	0.792592592593	1890
r	n	('aa-t', 'f1')	0.821904761905	4200
b	hh	('SIL-iy', 't1')	0.484674329502	2088
b	s	('SIL-iy', 't1')	0.884370314843	16008
hh	b	('SIL-iy', 't1')	0.694170771757	7308
hh	s	('SIL-iy', 't1')	0.906400966184	4968
s	b	('SIL-iy', 't1')	0.576149425287	19488
s	hh	('SIL-iy', 't1')	0.368055555556	1728
dh	t	('k-ax', 'c1')	0.544642857143	336
t	dh	('k-ax', 'c1')	0.780612244898	392
d	g	('SIL-ow', 'w1')	0.421951219512	3280
d	n	('SIL-ow', 'w1')	0.571637426901	684
g	d	('SIL-ow', 'w1')	0.658536585366	82
g	n	('SIL-ow', 'w1')	0.76080445015	14022
n	d	('SIL-ow', 'w1')	0.710526315789	38
n	g	('SIL-ow', 'w1')	0.766110397946	31160
dh	g	('SIL-eh', 'w3')	0.552777777778	1800
dh	l	('SIL-eh', 'w3')	0.344444444444	90
dh	t	('SIL-eh', 'w3')	0.483333333333	60
dh	w	('SIL-eh', 'w3')	0.833333333333	60
dh	y	('SIL-eh', 'w3')	0.833333333333	6
g	dh	('SIL-eh', 'w3')	0.826666666667	150
g	l	('SIL-eh', 'w3')	0.492	750
g	t	('SIL-eh', 'w3')	0.678	500
g	w	('SIL-eh', 'w3')	0.878	500
g	y	('SIL-eh', 'w3')	0.72	50
l	dh	('SIL-eh', 'w3')	0.888888888889	36
l	g	('SIL-eh', 'w3')	0.738055555556	3600
l	t	('SIL-eh', 'w3')	0.708333333333	120
l	w	('SIL-eh', 'w3')	0.791666666667	120
l	y	('SIL-eh', 'w3')	0.833333333333	12
t	dh	('SIL-eh', 'w3')	0.9	30
t	g	('SIL-eh', 'w3')	0.786	3000
t	l	('SIL-eh', 'w3')	0.58	150
t	w	('SIL-eh', 'w3')	0.96	100
t	y	('SIL-eh', 'w3')	0.9	10
w	dh	('SIL-eh', 'w3')	0.9	30
w	g	('SIL-eh', 'w3')	0.866666666667	3000
w	l	('SIL-eh', 'w3')	0.486666666667	150
w	t	('SIL-eh', 'w3')	0.78	100
w	y	('SIL-eh', 'w3')	0.9	10
y	dh	('SIL-eh', 'w3')	0.833333333333	12
y	g	('SIL-eh', 'w3')	0.423333333333	1200
y	l	('SIL-eh', 'w3')	0.583333333333	60
y	t	('SIL-eh', 'w3')	0.575	40
y	w	('SIL-eh', 'w3')	0.85	40
b	l	('SIL-ay', 'v2')	0.595663265306	784
b	t	('SIL-ay', 'v2')	0.738095238095	84
l	b	('SIL-ay', 'v2')	0.651098901099	1456
l	t	('SIL-ay', 'v2')	0.875	48
t	b	('SIL-ay', 'v2')	0.804029304029	546
t	l	('SIL-ay', 'v2')	0.690476190476	168
k	n	('ih-ax', 's2')	0.861184939092	18060
k	t	('ih-ax', 's2')	0.618031448392	1080246
n	k	('ih-ax', 's2')	0.861598903127	37926
n	t	('ih-ax', 's2')	0.447234637825	527562
t	k	('ih-ax', 's2')	0.768834841235	287154
t	n	('ih-ax', 's2')	0.684082060497	66780
dh	t	('SIL-ax', 'q1')	0.5	2
dh	t	('SIL-ax', 'j1')	0.577777777778	630
t	dh	('SIL-ax', 'j1')	0.524206349206	2520
k	t	('s-r', 'w3')	0.630769230769	910
t	k	('s-r', 'w3')	0.65	280
v	t	('ae-SIL', 'q1')	1.0	2
dh	hh	('SIL-ae', 's2')	0.557665260197	24174
dh	k	('SIL-ae', 's2')	0.747635963376	39974
dh	y	('SIL-ae', 's2')	0.504304937849	105228
hh	dh	('SIL-ae', 's2')	0.695102600166	110916
hh	k	('SIL-ae', 's2')	0.6856609574	9108
hh	y	('SIL-ae', 's2')	0.632298965632	23976
k	dh	('SIL-ae', 's2')	0.701600270945	141726
k	hh	('SIL-ae', 's2')	0.499431656721	7038
k	y	('SIL-ae', 's2')	0.577425251338	30636
y	dh	('SIL-ae', 's2')	0.444524855917	227994
y	hh	('SIL-ae', 's2')	0.46917505741	11322
y	k	('SIL-ae', 's2')	0.568635829505	18722
m	n	('aa-ax', 'i1')	0.4318767507	142800
m	t	('aa-ax', 'i1')	0.398181818182	2200
n	m	('aa-ax', 'i1')	0.627647058824	32300
n	t	('aa-ax', 'i1')	0.569732620321	9350
t	m	('aa-ax', 'i1')	0.76028708134	4180
t	n	('aa-ax', 'i1')	0.754583651642	78540
t	v	('ae-SIL', 'v2')	0.568047337278	4056
v	t	('ae-SIL', 'v2')	0.405088757396	8450
f	g	('SIL-r', 'w3')	0.555454545455	1100
g	f	('SIL-r', 'w3')	0.607070707071	990
b	hh	('SIL-iy', 'f2')	0.7	30
b	s	('SIL-iy', 'f2')	0.711111111111	450
hh	b	('SIL-iy', 'f2')	0.416666666667	60
hh	s	('SIL-iy', 'f2')	0.688888888889	270
s	b	('SIL-iy', 'f2')	0.75	200
s	hh	('SIL-iy', 'f2')	0.95	60
ng	s	('ax-SIL', 'c1')	0.943636363636	3300
s	ng	('ax-SIL', 'c1')	0.789027777778	7200
d	w	('ax-ey', 'f1')	0.738562091503	25704
w	d	('ax-ey', 'f1')	0.602145403616	31416
dh	g	('SIL-eh', 'd1')	0.675	5880
dh	l	('SIL-eh', 'd1')	0.486471861472	1848
dh	t	('SIL-eh', 'd1')	0.699842436975	3808
dh	w	('SIL-eh', 'd1')	0.797077922078	1848
dh	y	('SIL-eh', 'd1')	0.556349206349	1260
g	dh	('SIL-eh', 'd1')	0.537676609105	3822
g	l	('SIL-eh', 'd1')	0.585137085137	2772
g	t	('SIL-eh', 'd1')	0.674019607843	5712
g	w	('SIL-eh', 'd1')	0.77380952381	2772
g	y	('SIL-eh', 'd1')	0.608465608466	1890
l	dh	('SIL-eh', 'd1')	0.632783882784	2184
l	g	('SIL-eh', 'd1')	0.777182539683	5040
l	t	('SIL-eh', 'd1')	0.867034313725	3264
l	w	('SIL-eh', 'd1')	0.724747474747	1584
l	y	('SIL-eh', 'd1')	0.59537037037	1080
t	dh	('SIL-eh', 'd1')	0.4767291532	3094
t	g	('SIL-eh', 'd1')	0.585434173669	7140
t	l	('SIL-eh', 'd1')	0.54679144385	2244
t	w	('SIL-eh', 'd1')	0.872994652406	2244
t	y	('SIL-eh', 'd1')	0.694117647059	1530
w	dh	('SIL-eh', 'd1')	0.592490842491	2184
w	g	('SIL-eh', 'd1')	0.67003968254	5040
w	l	('SIL-eh', 'd1')	0.369949494949	1584
w	t	('SIL-eh', 'd1')	0.908700980392	3264
w	y	('SIL-eh', 'd1')	0.461111111111	1080
y	dh	('SIL-eh', 'd1')	0.600549450549	1820
y	g	('SIL-eh', 'd1')	0.738095238095	4200
y	l	('SIL-eh', 'd1')	0.487121212121	1320
y	t	('SIL-eh', 'd1')	0.908823529412	2720
y	w	('SIL-eh', 'd1')	0.741666666667	1320
d	g	('SIL-ow', 'c1')	0.581531746573	58652
d	n	('SIL-ow', 'c1')	0.607990074442	20150
g	d	('SIL-ow', 'c1')	0.524169110459	40920
g	n	('SIL-ow', 'c1')	0.657062937063	28600
n	d	('SIL-ow', 'c1')	0.464019851117	24180
n	g	('SIL-ow', 'c1')	0.585156122947	49192
dh	t	('k-ax', 'd1')	0.39880952381	168
t	dh	('k-ax', 'd1')	0.590659340659	728
b	hh	('SIL-iy', 'j1')	0.63125	3360
b	s	('SIL-iy', 'j1')	0.785714285714	784
hh	b	('SIL-iy', 'j1')	0.761332417582	2912
hh	s	('SIL-iy', 'j1')	0.6640625	896
s	b	('SIL-iy', 'j1')	0.785027472527	1456
s	hh	('SIL-iy', 'j1')	0.522916666667	1920
k	t	('s-r', 's1')	0.561594202899	1656
t	k	('s-r', 's1')	0.881944444444	144
d	g	('SIL-aa', 't1')	0.566666666667	1950
d	m	('SIL-aa', 't1')	0.77	1800
d	w	('SIL-aa', 't1')	0.833333333333	168
g	d	('SIL-aa', 't1')	0.583333333333	156
g	m	('SIL-aa', 't1')	0.746346153846	15600
g	w	('SIL-aa', 't1')	0.756868131868	1456
m	d	('SIL-aa', 't1')	0.7	150
m	g	('SIL-aa', 't1')	0.594276923077	16250
m	w	('SIL-aa', 't1')	0.52	1400
w	d	('SIL-aa', 't1')	0.854166666667	48
w	g	('SIL-aa', 't1')	0.674615384615	5200
w	m	('SIL-aa', 't1')	0.57875	4800
b	hh	('SIL-ah', 'v1')	0.76	51150
b	jh	('SIL-ah', 'v1')	0.710606060606	3960
b	k	('SIL-ah', 'v1')	0.769696969697	7260
b	w	('SIL-ah', 'v1')	0.528186628187	41580
hh	b	('SIL-ah', 'v1')	0.718518518519	92070
hh	jh	('SIL-ah', 'v1')	0.799283154122	2232
hh	k	('SIL-ah', 'v1')	0.666911045943	4092
hh	w	('SIL-ah', 'v1')	0.596944871138	23436
jh	b	('SIL-ah', 'v1')	0.928843995511	26730
jh	hh	('SIL-ah', 'v1')	0.968936678614	8370
jh	k	('SIL-ah', 'v1')	0.847643097643	1188
jh	w	('SIL-ah', 'v1')	0.881834215168	6804
k	b	('SIL-ah', 'v1')	0.843686868687	35640
k	hh	('SIL-ah', 'v1')	0.797491039427	11160
k	jh	('SIL-ah', 'v1')	0.689814814815	864
k	w	('SIL-ah', 'v1')	0.778108465608	9072
w	b	('SIL-ah', 'v1')	0.762012987013	83160
w	hh	('SIL-ah', 'v1')	0.845353302611	26040
w	jh	('SIL-ah', 'v1')	0.859126984127	2016
w	k	('SIL-ah', 'v1')	0.892586580087	3696
dh	hh	('SIL-ae', 'v2')	0.516994266994	4884
dh	k	('SIL-ae', 'v2')	0.707858627859	24050
dh	y	('SIL-ae', 'v2')	0.474324324324	740
hh	dh	('SIL-ae', 'v2')	0.721846846847	15984
hh	k	('SIL-ae', 'v2')	0.761282051282	7800
hh	y	('SIL-ae', 'v2')	0.6375	240
k	dh	('SIL-ae', 'v2')	0.734522984523	34632
k	hh	('SIL-ae', 'v2')	0.616258741259	3432
k	y	('SIL-ae', 'v2')	0.592307692308	520
y	dh	('SIL-ae', 'v2')	0.651501501502	6660
y	hh	('SIL-ae', 'v2')	0.690909090909	660
y	k	('SIL-ae', 'v2')	0.743692307692	3250
b	ch	('SIL-ih', 'w1')	0.766666666667	870
b	g	('SIL-ih', 'w1')	0.706896551724	580
b	hh	('SIL-ih', 'w1')	0.54054639347	60030
b	s	('SIL-ih', 'w1')	0.725670498084	2610
b	th	('SIL-ih', 'w1')	0.538043478261	16008
ch	b	('SIL-ih', 'w1')	0.702791461412	4872
ch	g	('SIL-ih', 'w1')	0.733333333333	120
ch	hh	('SIL-ih', 'w1')	0.573752012882	12420
ch	s	('SIL-ih', 'w1')	0.701851851852	540
ch	th	('SIL-ih', 'w1')	0.677234299517	3312
g	b	('SIL-ih', 'w1')	0.521921182266	4060
g	ch	('SIL-ih', 'w1')	0.613333333333	150
g	hh	('SIL-ih', 'w1')	0.46309178744	10350
g	s	('SIL-ih', 'w1')	0.611111111111	450
g	th	('SIL-ih', 'w1')	0.45615942029	2760
hh	b	('SIL-ih', 'w1')	0.612791818377	37352
hh	ch	('SIL-ih', 'w1')	0.728985507246	1380
hh	g	('SIL-ih', 'w1')	0.691304347826	920
hh	s	('SIL-ih', 'w1')	0.785024154589	4140
hh	th	('SIL-ih', 'w1')	0.594321045999	25392
s	b	('SIL-ih', 'w1')	0.714532019704	8120
s	ch	('SIL-ih', 'w1')	0.73	300
s	g	('SIL-ih', 'w1')	0.725	200
s	hh	('SIL-ih', 'w1')	0.713574879227	20700
s	th	('SIL-ih', 'w1')	0.654710144928	5520
th	b	('SIL-ih', 'w1')	0.531147372742	19488
th	ch	('SIL-ih', 'w1')	0.75	720
th	g	('SIL-ih', 'w1')	0.597916666667	480
th	hh	('SIL-ih', 'w1')	0.521316425121	49680
th	s	('SIL-ih', 'w1')	0.664351851852	2160
dh	g	('SIL-eh', 'f2')	0.81	100
dh	l	('SIL-eh', 'f2')	0.56	100
dh	w	('SIL-eh', 'f2')	0.783333333333	60
dh	y	('SIL-eh', 'f2')	0.666666666667	210
g	dh	('SIL-eh', 'f2')	0.9	100
g	l	('SIL-eh', 'f2')	0.7	100
g	w	('SIL-eh', 'f2')	0.75	60
g	y	('SIL-eh', 'f2')	0.752380952381	210
l	dh	('SIL-eh', 'f2')	0.5	100
l	g	('SIL-eh', 'f2')	0.59	100
l	w	('SIL-eh', 'f2')	0.433333333333	60
l	y	('SIL-eh', 'f2')	0.7	210
t	dh	('SIL-eh', 'f2')	0.4	20
t	g	('SIL-eh', 'f2')	0.6	20
t	l	('SIL-eh', 'f2')	0.6	20
t	w	('SIL-eh', 'f2')	0.666666666667	12
t	y	('SIL-eh', 'f2')	0.738095238095	42
w	dh	('SIL-eh', 'f2')	0.8	80
w	g	('SIL-eh', 'f2')	0.5875	80
w	l	('SIL-eh', 'f2')	0.575	80
w	y	('SIL-eh', 'f2')	0.785714285714	168
y	dh	('SIL-eh', 'f2')	0.442857142857	140
y	g	('SIL-eh', 'f2')	0.585714285714	140
y	l	('SIL-eh', 'f2')	0.614285714286	140
y	w	('SIL-eh', 'f2')	0.666666666667	84
dh	t	('SIL-ax', 'w3')	0.781385281385	1848
t	dh	('SIL-ax', 'w3')	0.536931818182	8448
dh	hh	('SIL-ae', 'd1')	0.597892720307	26100
dh	k	('SIL-ae', 'd1')	0.695545545546	39960
dh	y	('SIL-ae', 'd1')	0.356196581197	4680
hh	dh	('SIL-ae', 'd1')	0.611647509579	26100
hh	k	('SIL-ae', 'd1')	0.623373373373	39960
hh	y	('SIL-ae', 'd1')	0.455982905983	4680
k	dh	('SIL-ae', 'd1')	0.703603603604	32190
k	hh	('SIL-ae', 'd1')	0.600994097546	32190
k	y	('SIL-ae', 'd1')	0.512127512128	5772
y	dh	('SIL-ae', 'd1')	0.561892130858	11310
y	hh	('SIL-ae', 'd1')	0.65234305924	11310
y	k	('SIL-ae', 'd1')	0.677177177177	17316
k	n	('ih-ax', 'v2')	0.701414326414	19656
k	t	('ih-ax', 'v2')	0.587621202327	30940
n	k	('ih-ax', 'v2')	0.724395604396	18200
n	t	('ih-ax', 'v2')	0.453031212485	33320
t	k	('ih-ax', 'v2')	0.791164835165	22750
t	n	('ih-ax', 'v2')	0.656311413454	26460
b	hh	('SIL-ah', 's1')	0.709023734886	44660
b	jh	('SIL-ah', 's1')	0.45487012987	3080
b	k	('SIL-ah', 's1')	0.667623604466	18810
b	w	('SIL-ah', 's1')	0.669318181818	129360
hh	b	('SIL-ah', 's1')	0.854266805991	86130
hh	jh	('SIL-ah', 's1')	0.383004926108	1624
hh	k	('SIL-ah', 's1')	0.608086307723	9918
hh	w	('SIL-ah', 's1')	0.636611541168	68208
jh	b	('SIL-ah', 's1')	0.968771043771	23760
jh	hh	('SIL-ah', 's1')	0.837284482759	6496
jh	k	('SIL-ah', 's1')	0.831505847953	2736
jh	w	('SIL-ah', 's1')	0.823660714286	18816
k	b	('SIL-ah', 's1')	0.830249867092	56430
k	hh	('SIL-ah', 's1')	0.546668395126	15428
k	jh	('SIL-ah', 's1')	0.296992481203	1064
k	w	('SIL-ah', 's1')	0.702045291801	44688
w	b	('SIL-ah', 's1')	0.920758606473	145530
w	hh	('SIL-ah', 's1')	0.79131899065	39788
w	jh	('SIL-ah', 's1')	0.54555393586	2744
w	k	('SIL-ah', 's1')	0.849982098102	16758
b	hh	('SIL-ih', 's3')	1.0	24
ch	b	('SIL-ih', 's3')	1.0	2
ch	hh	('SIL-ih', 's3')	0.75	12
g	b	('SIL-ih', 's3')	1.0	2
g	hh	('SIL-ih', 's3')	0.75	12
hh	b	('SIL-ih', 's3')	0.625	8
s	b	('SIL-ih', 's3')	1.0	2
s	hh	('SIL-ih', 's3')	0.416666666667	12
th	b	('SIL-ih', 's3')	1.0	2
th	hh	('SIL-ih', 's3')	0.75	12
m	n	('aa-ax', 'v1')	0.480665736496	331122
m	t	('aa-ax', 'v1')	0.639708776072	5082
n	m	('aa-ax', 'v1')	0.576280041797	19140
n	t	('aa-ax', 'v1')	0.641439020749	80388
t	m	('aa-ax', 'v1')	0.618181818182	2420
t	n	('aa-ax', 'v1')	0.528356617803	662244
d	g	('SIL-aa', 'f2')	0.464646464646	396
d	m	('SIL-aa', 'f2')	0.47619047619	126
d	w	('SIL-aa', 'f2')	1.0	18
g	d	('SIL-aa', 'f2')	0.958333333333	72
g	m	('SIL-aa', 'f2')	0.565476190476	504
g	w	('SIL-aa', 'f2')	0.972222222222	72
m	d	('SIL-aa', 'f2')	1.0	42
m	g	('SIL-aa', 'f2')	0.531385281385	924
m	w	('SIL-aa', 'f2')	0.857142857143	42
w	d	('SIL-aa', 'f2')	1.0	18
w	g	('SIL-aa', 'f2')	0.686868686869	396
w	m	('SIL-aa', 'f2')	0.460317460317	126
k	t	('ay-SIL', 's1')	0.622354497354	1512
t	k	('ay-SIL', 's1')	0.527513227513	3780
b	s	('SIL-iy', 'q1')	0.833333333333	12
hh	s	('SIL-iy', 'q1')	0.916666666667	12
dh	g	('SIL-eh', 's2')	0.601587301587	4410
dh	l	('SIL-eh', 's2')	0.536989795918	13328
dh	t	('SIL-eh', 's2')	0.93112244898	3528
dh	w	('SIL-eh', 's2')	0.736986098787	27048
dh	y	('SIL-eh', 's2')	0.796289424861	5390
g	dh	('SIL-eh', 's2')	0.473469387755	23520
g	l	('SIL-eh', 's2')	0.485294117647	2720
g	t	('SIL-eh', 's2')	0.933333333333	720
g	w	('SIL-eh', 's2')	0.74402173913	5520
g	y	('SIL-eh', 's2')	0.806363636364	1100
l	dh	('SIL-eh', 's2')	0.609393757503	39984
l	g	('SIL-eh', 's2')	0.681699346405	1530
l	t	('SIL-eh', 's2')	0.841503267974	1224
l	w	('SIL-eh', 's2')	0.725063938619	9384
l	y	('SIL-eh', 's2')	0.920320855615	1870
t	dh	('SIL-eh', 's2')	0.529620181406	21168
t	g	('SIL-eh', 's2')	0.648148148148	810
t	l	('SIL-eh', 's2')	0.285947712418	2448
t	w	('SIL-eh', 's2')	0.811795491143	4968
t	y	('SIL-eh', 's2')	0.981818181818	990
w	dh	('SIL-eh', 's2')	0.467704790249	56448
w	g	('SIL-eh', 's2')	0.575925925926	2160
w	l	('SIL-eh', 's2')	0.40793504902	6528
w	t	('SIL-eh', 's2')	0.945023148148	1728
w	y	('SIL-eh', 's2')	0.767424242424	2640
y	dh	('SIL-eh', 's2')	0.321042053185	25872
y	g	('SIL-eh', 's2')	0.462626262626	990
y	l	('SIL-eh', 's2')	0.447860962567	2992
y	t	('SIL-eh', 's2')	0.984848484848	792
y	w	('SIL-eh', 's2')	0.58860342556	6072
d	g	('SIL-aa', 'c1')	0.566658266129	15872
d	m	('SIL-aa', 'c1')	0.71787347561	26240
d	w	('SIL-aa', 'c1')	0.683159722222	1152
g	d	('SIL-aa', 'c1')	0.641536458333	7680
g	m	('SIL-aa', 'c1')	0.754992378049	52480
g	w	('SIL-aa', 'c1')	0.814670138889	2304
m	d	('SIL-aa', 'c1')	0.72825203252	9840
m	g	('SIL-aa', 'c1')	0.705989378442	40672
m	w	('SIL-aa', 'c1')	0.609756097561	2952
w	d	('SIL-aa', 'c1')	0.80787037037	2160
w	g	('SIL-aa', 'c1')	0.861671146953	8928
w	m	('SIL-aa', 'c1')	0.740921409214	14760
dh	t	('SIL-ax', 'm2')	0.384615384615	26
t	dh	('SIL-ax', 'm2')	0.75641025641	312
k	t	('ay-SIL', 'm2')	0.555555555556	90
t	k	('ay-SIL', 'm2')	0.361111111111	36
ng	s	('ax-SIL', 'w1')	0.834548695511	24684
s	ng	('ax-SIL', 'w1')	0.794117647059	15708
f	g	('SIL-r', 'c1')	0.400415721844	5292
g	f	('SIL-r', 'c1')	0.704931972789	1176
t	dh	('k-ax', 's3')	0.5	2
b	ch	('SIL-ih', 'c1')	0.978260869565	276
b	hh	('SIL-ih', 'c1')	0.488879895159	51888
b	s	('SIL-ih', 'c1')	0.629883427851	12696
b	th	('SIL-ih', 'c1')	0.658567774936	6256
ch	b	('SIL-ih', 'c1')	0.7895256917	2024
ch	hh	('SIL-ih', 'c1')	0.77969858156	9024
ch	s	('SIL-ih', 'c1')	0.782155797101	2208
ch	th	('SIL-ih', 'c1')	0.892463235294	1088
g	b	('SIL-ih', 'c1')	0.715415019763	506
g	ch	('SIL-ih', 'c1')	1.0	12
g	hh	('SIL-ih', 'c1')	0.679078014184	2256
g	s	('SIL-ih', 'c1')	0.757246376812	552
g	th	('SIL-ih', 'c1')	0.720588235294	272
hh	b	('SIL-ih', 'c1')	0.653079710145	24288
hh	ch	('SIL-ih', 'c1')	0.982638888889	576
hh	s	('SIL-ih', 'c1')	0.728713768116	26496
hh	th	('SIL-ih', 'c1')	0.767386642157	13056
s	b	('SIL-ih', 'c1')	0.539443346509	12144
s	ch	('SIL-ih', 'c1')	0.958333333333	288
s	hh	('SIL-ih', 'c1')	0.581412529551	54144
s	th	('SIL-ih', 'c1')	0.569393382353	6528
th	b	('SIL-ih', 'c1')	0.416066031156	8602
th	ch	('SIL-ih', 'c1')	0.970588235294	204
th	hh	('SIL-ih', 'c1')	0.470353566959	38352
th	s	('SIL-ih', 'c1')	0.520460358056	9384
d	w	('ax-ey', 'f2')	0.847222222222	288
w	d	('ax-ey', 'f2')	0.75	108
